driver_id,driver_name,phone_number,email,city,vehicle_type,vehicle_number,driver_rating,total_rides_completed,earnings
1,Stephanie Rice,7282414570,clintoncook@hotmail.com,Mumbai,Auto,TN34 4950,3.63,122,50681.33
2,Kevin Campbell,334-427-7193x28644,harringtonkelly@gonzalez.net,Bangalore,Bike,TN45 2513,4.5,831,75182.62
3,Xavier Cardenas,774-536-4682,henrycraig@williams-robinson.info,Chennai,Auto,TN17 8769,4.32,485,34203.98
4,Marie Warren,982-628-5025x3743,martineznicole@hotmail.com,Chennai,Auto,TN48 3421,4,343,35703.89
5,Erin Reyes,413.849.4636,uparker@gmail.com,Kolkata,Auto,TN94 4398,3.72,499,58844.4
6,Cameron Coleman,001-982-026-6391x648,sanchezsamantha@moody.biz,Kolkata,Auto,TN83 2103,4.88,853,46942.4
7,Damon Lee,153.816.9198,watsonamy@hess.com,Delhi,Auto,TN53 4180,4.36,142,95324.35
8,Dr. Michael Perez,826-270-9877,kelly48@watson-davis.org,Pune,Auto,TN35 3550,4.68,713,97217.45
9,Daniel Johnson,415-444-0298x34306,bullockcraig@gmail.com,Bangalore,Auto,TN10 1788,3.83,604,40561.34
10,Lisa Benitez,+1-237-687-6864,qwagner@hotmail.com,Pune,Bike,TN32 5213,3.82,350,6972.08
11,Susan Williams,+1-760-992-5696,sarcher@yahoo.com,Hyderabad,Bike,TN44 6391,3.85,817,55888.1
12,Hannah Nguyen,+1-893-772-6657x45323,taylorgregory@harrison-torres.info,Delhi,Auto,TN38 5711,3.78,180,31970.53
13,James Buchanan,943-172-7770,dickersonsandra@haynes-bird.com,Chennai,Auto,TN90 4176,3.93,156,66355.68
14,Christina Anderson,(207)715-5492,garrettjohn@gmail.com,Bangalore,Bike,TN73 3203,4.68,763,44494.74
15,Anthony Olson,(688)515-8950x75664,justincannon@yahoo.com,Mumbai,Bike,TN17 3072,4.25,919,25011.21
16,Robert Vang,(776)539-7438,dwatson@yahoo.com,Bangalore,Bike,TN12 5936,4.23,817,11016.96
17,James Costa,102.269.4853x028,pricedavid@gmail.com,Kolkata,Bike,TN56 1803,3.63,994,86773.47
18,Heather Leonard,+1-432-532-4677,karen72@gmail.com,Hyderabad,Auto,TN89 4430,3.8,81,90846.39
19,Michelle Blair,001-417-177-9410x015,jacksonkathryn@gmail.com,Bangalore,Bike,TN50 3369,4.42,905,89215.44
20,Michelle West,589-841-2141x58148,tturner@pratt.com,Hyderabad,Bike,TN49 6726,3.84,394,38266.79
21,Daniel Lee,(062)055-4955,heathergordon@cook.biz,Hyderabad,Bike,TN36 3769,4.56,770,9665.5
22,Steven Poole,583.611.5038x365,sean58@bowman.info,Kolkata,Bike,TN72 4570,4.63,51,10454.88
23,Bryan Mcdaniel,2413347106,richardperkins@gmail.com,Chennai,Bike,TN39 6015,4.31,617,65377.41
24,Alexis Hernandez,+1-521-861-4149x29019,ahicks@dillon.com,Mumbai,Auto,TN14 9254,4.09,298,32065.3
25,Jeffery Garcia,378-511-1691,tpitts@hotmail.com,Hyderabad,Bike,TN99 6115,4.17,649,47869.21
26,Sandra Smith,442.716.6141,melissa83@hotmail.com,Bangalore,Auto,TN55 9774,4.34,319,98372.5
27,Kristen Fleming,(073)444-1808x9827,kyle01@carlson.com,Bangalore,Auto,TN45 3129,4.67,343,68133.47
28,Victor Cook,707.581.0033,handerson@hotmail.com,Chennai,Auto,TN68 4366,4.18,742,63070.48
29,Angel Carroll,(841)389-0649,hlee@martinez.com,Chennai,Bike,TN31 7070,4.03,57,13490.73
30,Christopher Wilkins,(316)992-5236x27129,mark83@anderson.com,Delhi,Bike,TN89 9875,4.26,674,90268.54
31,Kimberly Mcdaniel,202.881.0650x43264,ariel10@hotmail.com,Bangalore,Bike,TN69 5889,4.97,166,34108.25
32,Michael Goodwin,+1-589-892-6756x70689,kathleenhernandez@gmail.com,Kolkata,Auto,TN24 9516,4.75,353,29986.56
33,Jose Crosby,001-600-650-8419x78897,tammyturner@yahoo.com,Bangalore,Bike,TN89 1842,4.06,408,67193.49
34,Elizabeth Smith,001-079-044-3997x928,lisamurphy@christensen.com,Mumbai,Bike,TN62 8826,3.73,946,71023.53
35,Kenneth Taylor,317.887.6548x302,barbaramcdowell@moore.com,Delhi,Auto,TN19 8975,4.76,262,39434.46
36,Laura Cruz,(128)389-1546,jessica61@howard.com,Hyderabad,Bike,TN49 7695,3.86,664,7899.29
37,Kristin Burns,(699)447-8522x690,jeffreymatthews@hotmail.com,Mumbai,Bike,TN13 1078,4.44,396,7366.63
38,Jason Patterson,950.892.4261x84951,nicholescott@martinez-gordon.com,Delhi,Bike,TN81 4444,4.42,379,25806.45
39,Bryan Young,5546332228,lewisrobert@english.com,Kolkata,Auto,TN88 6082,3.62,929,8427.68
40,Carrie Buck,858-501-0291x1078,mwagner@richardson.com,Pune,Bike,TN38 4686,4.03,399,12268.58
41,Megan Logan,132.063.4759x735,lfrazier@flynn.com,Pune,Auto,TN73 6331,3.54,573,60251.32
42,Robert Krueger,4819581035,james99@gmail.com,Mumbai,Auto,TN18 5932,4.8,838,84657.1
43,Melissa Armstrong,526-460-6702,gabriel09@gmail.com,Kolkata,Auto,TN70 1481,4.95,555,84567.12
44,Shannon Webb,092-496-0218x27704,pcarter@soto.com,Bangalore,Auto,TN77 9311,4.58,807,79820.62
45,Martin Smith,(939)513-7678,monicasanchez@gonzalez-jackson.com,Mumbai,Auto,TN42 6338,3.77,309,16561.31
46,Tiffany Guzman,001-632-520-6752,ralphlucero@gmail.com,Bangalore,Bike,TN25 2028,3.95,687,67187.69
47,Elizabeth Brennan,+1-684-235-7078x19731,palmerbrandy@yahoo.com,Hyderabad,Auto,TN95 4049,4.65,695,92649.99
48,Justin Moore,+1-906-051-8788x970,hartdana@gmail.com,Mumbai,Bike,TN94 2217,4.95,363,73052.71
49,Brian Cooper,732.379.7046x95933,ericvelez@gmail.com,Mumbai,Auto,TN63 8562,4.91,251,97484.92
50,Megan Davis,950.035.5849x20349,brianturner@stephens-watson.net,Bangalore,Bike,TN78 2520,3.68,752,32662.22
51,Christopher Coleman,001-121-942-8731x5098,johnstontaylor@flynn.org,Chennai,Auto,TN36 9511,4.72,322,61977.7
52,Edwin Taylor,011-557-8780,michellewilliams@gmail.com,Pune,Auto,TN46 6441,3.66,140,84029.66
53,Robert Parker,0370149816,adamsbridget@yahoo.com,Bangalore,Bike,TN35 4104,4.23,127,84031.38
54,Patrick Mitchell,547.597.8805x101,mariah66@herring-rich.com,Chennai,Bike,TN32 3706,4.46,344,33891.83
55,John Hill,300.530.4735x67623,brianna60@golden.com,Delhi,Bike,TN70 1099,4.41,96,6677.72
56,Samantha Keith,+1-208-535-0858,davidsontyler@walters.info,Pune,Bike,TN19 8355,4.42,884,24439.51
57,Melissa Rowland,+1-480-544-7686x9145,howardjoel@walton.com,Hyderabad,Bike,TN93 9769,4.83,610,81081.27
58,Amber Blair,+1-300-611-1163x9532,jordanamanda@mann.com,Pune,Bike,TN37 4926,3.6,691,85225.29
59,Calvin Christensen,001-295-505-6525x03786,tannerwilliam@yahoo.com,Chennai,Bike,TN22 6143,4.94,126,43132.92
60,Gina Fischer,+1-901-527-2963,bakerbradley@hotmail.com,Bangalore,Bike,TN66 3834,4.97,527,14254.06
61,Donna Patterson,561-947-4810x549,johnsonjoshua@cobb-murphy.info,Delhi,Auto,TN74 5109,3.73,667,21100.55
62,Pamela Silva,+1-410-517-3884,mburnett@gmail.com,Bangalore,Bike,TN84 2630,4.63,918,33068.65
63,Kara Clark,413-987-1222x47206,zclay@wong.com,Delhi,Bike,TN86 3910,3.78,328,77372.57
64,Amy Henry,+1-247-728-0671x910,lgomez@yahoo.com,Hyderabad,Auto,TN59 3110,4.03,356,5656.3
65,Seth Richardson,139.304.4984x0923,stephanie17@harvey.com,Mumbai,Auto,TN69 2964,3.97,77,38589.37
66,Joel White,+1-179-084-7378,reyeschristopher@yahoo.com,Hyderabad,Bike,TN27 8941,3.95,77,19451.72
67,Curtis Olson,+1-065-556-8987x1442,cookdenise@hotmail.com,Pune,Bike,TN82 6831,3.84,57,79935.95
68,Eduardo Rogers,093-796-5608x50609,ashleybryant@gmail.com,Chennai,Bike,TN51 8244,4.49,363,52936.1
69,Joseph Crawford,(043)048-9708x373,hernandezkendra@gmail.com,Mumbai,Bike,TN53 9163,4.58,91,71189.08
70,Vincent Maldonado,8000159908,amymoore@gmail.com,Hyderabad,Auto,TN84 7323,3.65,593,15398.06
71,Samantha Palmer,0173472125,sburton@neal-garza.com,Bangalore,Bike,TN74 1256,4.94,397,82874.54
72,Leslie Robertson,869.884.5668x8829,harpercraig@martinez.com,Hyderabad,Bike,TN45 9783,3.81,719,97155.99
73,Caitlin Mitchell,207.179.2624x603,aliciajames@yahoo.com,Hyderabad,Bike,TN51 7705,4.67,895,66292.41
74,Juan Cabrera,467-444-9274x7062,sharon28@yahoo.com,Pune,Bike,TN10 6849,4.7,597,38512.72
75,Laura Harris,001-977-073-8089,jacqueline77@harvey.com,Pune,Auto,TN35 3329,3.82,277,30575.4
76,Jennifer Newman,071-581-5361,sheppardcole@gmail.com,Kolkata,Bike,TN50 3228,4.8,377,30705.75
77,Ryan Ramirez,386-169-4026,jonesray@gmail.com,Kolkata,Bike,TN69 6873,3.98,301,43843.04
78,Kelly Carroll,+1-979-759-7852x775,alvarezkenneth@rogers-chapman.com,Chennai,Auto,TN57 1569,4.7,432,9780.01
79,Nicholas Kelly,9909883740,peter77@yahoo.com,Mumbai,Bike,TN37 6503,3.78,85,57863.59
80,Mrs. Amy Watson MD,(355)475-4205x12236,patelkimberly@hotmail.com,Mumbai,Auto,TN43 7008,3.64,536,57216.55
81,Sharon Sanchez,016-237-9660x5511,burkestacey@smith.com,Kolkata,Auto,TN34 7273,4.51,181,88978.85
82,Xavier White,901-290-3723,whester@yahoo.com,Delhi,Auto,TN82 3314,3.73,410,34469.7
83,Jessica Fisher,392-898-8967x6609,aevans@glover-hobbs.com,Hyderabad,Bike,TN67 2676,4.56,146,76883.49
84,Brittany Ayala,(908)009-6210x06062,joshuajones@ryan.com,Chennai,Auto,TN74 7029,4.89,231,65363.2
85,Ana Whitney,001-399-687-8639,gbarr@franklin.com,Mumbai,Bike,TN62 3541,4.13,574,16123.71
86,Mark Zimmerman,637-210-0069x64403,teresa19@hotmail.com,Hyderabad,Auto,TN99 1351,4.71,91,66346.6
87,Veronica Meyer,(641)970-1368x9147,jonesandrew@salinas-bradley.com,Chennai,Bike,TN13 2616,4.94,760,59945.49
88,Jason Perez,149-262-9007,patricia06@yahoo.com,Pune,Auto,TN32 8073,4.49,839,8646.11
89,Matthew Dominguez,+1-276-015-0338x28531,nicole67@yahoo.com,Bangalore,Bike,TN65 8461,4.34,712,39826.92
90,Michelle Salinas,+1-534-338-2705x98201,elijahwhitaker@johnson.com,Chennai,Auto,TN71 5113,3.55,648,46064.03
91,Amy Doyle,9121006761,ehunt@leonard.biz,Chennai,Bike,TN70 4140,3.84,519,61881.26
92,Chelsea Hill,+1-203-082-6196,elizabethfaulkner@moore-knapp.com,Delhi,Bike,TN13 6353,4.7,604,44281.75
93,Kelsey Prince,001-417-563-8982,jacobsjennifer@cruz.net,Mumbai,Auto,TN65 5636,3.72,326,44641.19
94,Heather Vasquez,001-418-631-9690,ashleejohnson@matthews.net,Mumbai,Auto,TN42 7367,3.62,182,54866.33
95,Brian Richardson,557.768.9843x4088,bryan96@yahoo.com,Pune,Bike,TN10 6002,4.6,257,6371.93
96,Collin Mclean PhD,(918)283-0630x065,ymiller@medina-martin.com,Bangalore,Bike,TN37 3211,4.44,954,86647.68
97,Linda Conway,+1-224-760-0975x2142,jimmypayne@valdez.com,Mumbai,Bike,TN87 8586,3.7,173,24746.91
98,Jeanette Hurley,164-654-7168,amanda77@orr-hammond.info,Delhi,Auto,TN37 7033,3.92,951,61754.11
99,Cathy Cortez,704-678-4660,myersrebecca@gmail.com,Pune,Auto,TN37 1104,3.55,193,34443.87
100,Elizabeth Sanchez,391-606-6903,wendykelley@mckee.biz,Pune,Bike,TN51 1104,4.51,186,86741.98
101,Megan Smith,609.709.8640,nclark@hotmail.com,Bangalore,Bike,TN65 4934,4.27,992,82638.21
102,Margaret Washington,(621)244-3380x5221,richard22@black.com,Bangalore,Bike,TN62 1429,4.9,719,63450.77
103,Deborah Price,(054)427-1773,atkinsvicki@gmail.com,Pune,Bike,TN77 2984,3.64,935,84221.69
104,Marvin Flores,001-072-827-0340x3819,wyattjamie@hotmail.com,Delhi,Auto,TN59 3020,4.77,683,25126.97
105,Rebecca Floyd,+1-479-653-0488,tonygould@yahoo.com,Pune,Bike,TN74 3534,4.4,675,14732.9
106,David Hunt,+1-004-513-2428x49674,michelle65@gmail.com,Delhi,Bike,TN93 4097,4.82,126,32348.9
107,Jay Stanton,362-072-2934x61445,robert28@humphrey.org,Chennai,Auto,TN44 2364,3.98,861,96813.49
108,Daniel Church,1985687653,richardsmith@gmail.com,Kolkata,Auto,TN67 5163,3.88,396,56341.21
109,Anne Alvarez,428-483-2648,vcox@gmail.com,Delhi,Auto,TN76 5532,3.68,973,84347.74
110,Catherine Sullivan,0366358302,valeriewalton@stanley-proctor.com,Chennai,Auto,TN59 3836,3.83,244,93660.18
111,Carol Brooks,(157)883-2788,wnielsen@yahoo.com,Chennai,Auto,TN73 9878,4.28,492,69075.83
112,Seth King,751-497-5353,nicholas13@gmail.com,Kolkata,Auto,TN43 7717,4.47,967,75734.74
113,Joseph Ballard,(148)775-8411x90191,simmonsconnie@peterson.com,Pune,Auto,TN41 8435,3.53,797,34967.61
114,Stacy Williams,+1-962-830-0499,kimberlyvillarreal@wallace.org,Delhi,Bike,TN90 8982,4.8,670,27455.24
115,Andrew West,+1-414-621-9080x51484,joshuajohnson@glenn.biz,Hyderabad,Bike,TN73 5166,4.14,91,58718.07
116,Mark Green,088-729-7896x8698,stevengregory@bell-silva.info,Mumbai,Bike,TN26 4988,4.77,682,66361.97
117,Andrew Morgan,(182)222-3623,rclark@carter.org,Chennai,Bike,TN71 9603,4.76,925,35532.84
118,Joshua Robertson,257.221.8111x7183,alexander06@mitchell.info,Pune,Auto,TN22 9643,3.77,314,57515
119,Diane Nelson,(494)130-5038,james87@long.com,Bangalore,Bike,TN87 4294,4.26,727,19383.72
120,Russell Delacruz,575.782.0305x0214,gillstephanie@yahoo.com,Pune,Auto,TN27 5482,4.94,530,63810.64
121,Bonnie Garrett,128.349.4189,sanchezgwendolyn@yahoo.com,Delhi,Bike,TN96 6049,3.83,347,20588.12
122,Daryl Stephens,(489)468-3000,erin26@yahoo.com,Hyderabad,Auto,TN96 7694,4.51,969,12891.41
123,Christopher Pearson,175-778-0360,calderonheidi@wright-white.org,Delhi,Bike,TN65 3112,4.64,114,30784.22
124,Steven Murray,(728)025-8720x20545,nicolas57@gmail.com,Pune,Bike,TN10 7169,4.33,740,72692.81
125,Sean Strickland,1118481050,butlerzachary@gross.com,Bangalore,Bike,TN87 7391,4.96,244,21629.91
126,Scott Hudson,837.102.6293x958,lynnalexander@kelly-cooper.biz,Hyderabad,Bike,TN32 5362,4.93,528,39877.69
127,Eugene Smith,(134)309-7072x68934,smithshaun@gmail.com,Kolkata,Bike,TN75 9361,3.95,499,54385.06
128,Richard Shepherd,001-713-737-4580x0441,parkerjanice@kelley.net,Mumbai,Bike,TN12 5999,4.39,285,73587.16
129,Michael Patterson,723.631.6801,yolandazhang@gmail.com,Hyderabad,Auto,TN41 7201,3.87,152,19339.55
130,Casey Adkins,950.890.2789x8583,richardbaker@rios.com,Chennai,Auto,TN98 7711,4.82,565,34490.65
131,Robert Kennedy,+1-836-348-4966x75738,gibbssteven@howard.com,Delhi,Bike,TN37 4296,4.23,491,91496.7
132,Faith Turner,001-611-806-6863x4246,smcpherson@yahoo.com,Pune,Bike,TN91 3943,4.21,205,56548.22
133,Joanna Wong,0696153298,ijames@gmail.com,Chennai,Bike,TN38 4156,4.11,851,99167.17
134,Meghan Wolf,399.201.6834x82716,cweaver@davies.net,Delhi,Auto,TN95 3818,3.59,143,88821.74
135,Edward Johnson,360.567.9877,angelalee@gmail.com,Bangalore,Bike,TN10 8652,4.1,532,72059.42
136,Shelby Garcia,(999)758-5783x8779,tiffanycarlson@christian.biz,Mumbai,Auto,TN94 1946,4.72,629,50488.76
137,Michael Walker,001-669-066-1832x8371,nicole76@hotmail.com,Delhi,Bike,TN99 4702,4.91,396,10670
138,Carolyn Edwards,(979)657-1342x421,michelle11@allen.com,Hyderabad,Bike,TN61 5385,3.87,546,91375.46
139,Mrs. Stacy Young,+1-060-896-6491x950,alex93@gmail.com,Kolkata,Auto,TN56 2119,4.78,455,43166.23
140,John Rodriguez,443-985-0369x5717,michaelmorris@gmail.com,Delhi,Auto,TN71 1872,4.61,510,56149.53
141,Fernando Pollard,+1-541-044-8405x6264,williamsnyder@murphy.com,Kolkata,Bike,TN28 4440,3.96,769,35224.02
142,Brandon Vasquez,175-754-9903,elizabethcalderon@nguyen.net,Delhi,Auto,TN31 7029,3.68,927,55986.95
143,David Berry,839.162.6094x8531,andrewsamy@hotmail.com,Mumbai,Auto,TN35 6308,4.95,233,28078.69
144,Jeremy Garcia,529.825.1174,wendy97@kelley-gonzalez.com,Mumbai,Auto,TN62 2538,3.52,453,67385.48
145,Toni Reed,291-054-9007x514,jessica11@ramirez-anderson.org,Pune,Auto,TN55 4292,4.17,886,6251.35
146,Steve Wade,1850959308,rogerperez@robertson.com,Bangalore,Bike,TN63 6265,4.47,960,25961.41
147,Patrick Davis,+1-491-343-6771x0671,kellersandra@hotmail.com,Chennai,Auto,TN37 3989,4.73,694,27626.65
148,Mrs. Deborah Porter MD,672.505.0526x89041,davisjohn@gmail.com,Chennai,Auto,TN14 7455,3.54,413,57035.76
149,Christopher Martin,+1-207-096-5748,leeandrew@rivera.org,Delhi,Auto,TN21 8166,4.54,563,42927.18
150,Terry Russo,(714)546-6498x9903,briannakennedy@gamble-gibbs.biz,Bangalore,Auto,TN63 9549,3.63,759,61677.36
151,Loretta Smith,+1-425-452-4398x0540,ryanfrederick@yahoo.com,Bangalore,Bike,TN27 9814,4.15,252,12208.08
152,Kimberly Brown,388.602.7322,robert54@ibarra.com,Bangalore,Bike,TN37 9311,4,497,21028.03
153,Lauren Fowler,3830947609,flane@sims.net,Bangalore,Auto,TN14 6038,4.23,382,91306.84
154,Michael Logan,+1-755-367-5500x740,shelbyclark@yahoo.com,Hyderabad,Auto,TN35 5511,3.75,599,16182.6
155,Michael Combs DDS,361.399.8921,silvamary@gibson.biz,Pune,Bike,TN12 1639,3.64,382,83420.53
156,Elizabeth Young,676.818.3043x7986,christian71@hodges.com,Delhi,Bike,TN56 1104,4.64,123,60638.26
157,Joseph Rios,605.515.2413x474,zachary70@hotmail.com,Bangalore,Auto,TN37 8653,3.94,470,56803.94
158,Randall Burke,001-644-866-0316x21124,hansenchristopher@thomas-perez.com,Chennai,Bike,TN95 4975,3.56,293,93035.36
159,Anna Torres,(857)436-5486x0492,bbrooks@gmail.com,Bangalore,Bike,TN23 3360,4.8,366,70322.51
160,Sharon Mcconnell,001-691-339-0263,martinezmary@colon-walker.com,Chennai,Auto,TN98 2175,4.35,523,69089.59
161,Kelsey Davis,265.313.2013,todd34@yahoo.com,Pune,Bike,TN17 6864,3.88,443,37253.02
162,Jonathan Curry,001-376-798-2261x2461,stephen48@gmail.com,Hyderabad,Auto,TN13 7034,3.85,657,66415.63
163,William Ortiz,001-356-421-3902x071,yangcarmen@gmail.com,Bangalore,Bike,TN58 2342,3.51,398,51661.97
164,Kelly Hodge,722.230.6715x01608,patricia38@hotmail.com,Bangalore,Auto,TN76 9518,4.27,513,21618.89
165,Trevor Mcpherson,711.751.4105x0627,danielboyd@valdez.com,Kolkata,Auto,TN78 7632,4.64,236,39879.19
166,Joshua Smith,9817510319,kevinellis@gonzalez.biz,Delhi,Bike,TN20 7386,3.72,412,52097.51
167,Michael Walton,336-957-4641,jessica57@lang.com,Bangalore,Bike,TN79 7212,3.84,791,15001.55
168,Connor Gonzalez,(237)274-3776,lynnmalik@gmail.com,Hyderabad,Bike,TN25 7625,4.66,178,5789.83
169,Jill Chandler,751-187-5291x44647,dayrebekah@yahoo.com,Hyderabad,Auto,TN68 6083,4.18,721,89672.65
170,Charles Palmer,(473)638-2968x8106,tflores@morales.biz,Mumbai,Auto,TN52 2190,4.77,315,14965.83
171,Raymond Powers,208.108.8763x46139,bsullivan@gmail.com,Delhi,Bike,TN66 4397,4.23,270,54185.52
172,Robert Moody,001-497-704-8105,iroberts@gmail.com,Mumbai,Bike,TN26 3816,4.63,440,7367.21
173,Crystal Johnson,429.200.4654x61167,butlerwhitney@gmail.com,Kolkata,Bike,TN42 1324,4.54,309,61387.23
174,Kelly Shelton,604.448.2588x634,derrick97@hotmail.com,Chennai,Bike,TN68 4393,4.33,370,8233.91
175,Noah Green,(807)524-0035x88460,william92@gmail.com,Mumbai,Auto,TN15 1940,3.52,715,97343.8
176,Keith Vasquez,085.542.1601,abbottemily@yahoo.com,Mumbai,Bike,TN17 3033,4.94,312,38503.73
177,Allen Evans,855-453-5923,etate@lee-brown.biz,Chennai,Bike,TN75 7352,4.78,436,89697.25
178,Joel Gonzales,(707)222-7837x406,michaelgibson@gmail.com,Chennai,Auto,TN12 4101,4.08,410,20344.24
179,Douglas Lozano,468-803-2079x4744,miguelmoody@hammond-miller.com,Bangalore,Auto,TN87 4880,4.6,653,41727.25
180,Michelle Morgan,+1-797-935-4433,bparsons@gmail.com,Delhi,Auto,TN95 6727,4.4,783,52594.51
181,Shelley Black,(099)598-1228x17646,douglas60@yahoo.com,Mumbai,Bike,TN24 4463,4.4,700,59730.93
182,Phillip Flores,(457)230-2052,bradley54@chavez-meyer.com,Delhi,Bike,TN66 1941,4.4,93,93458.86
183,Phillip Houston,(250)236-8169,jameskeith@arnold.info,Bangalore,Auto,TN39 2962,4.74,716,92502.83
184,Anthony Mitchell,558-711-5024,cantrellrobert@torres.net,Mumbai,Auto,TN94 8387,3.7,986,20470.7
185,Ashley Kramer,242.088.0117,sharonmosley@yahoo.com,Delhi,Bike,TN40 5092,3.78,464,38871.33
186,Brandon Armstrong,(819)503-8406x2222,gshah@jackson.com,Chennai,Auto,TN91 6090,3.67,165,37250.71
187,Haley Sutton,(481)704-5530x55761,stephanie95@hotmail.com,Hyderabad,Auto,TN83 4883,4.18,730,26029.11
188,Michael Mcclure,001-485-475-7843x4815,michele21@huff.com,Bangalore,Auto,TN81 8095,4.41,603,50230.15
189,Joshua Vazquez,+1-888-824-1106,yfigueroa@gmail.com,Kolkata,Auto,TN85 9208,3.92,514,24598.92
190,Stephanie Oneal,9676695076,erin96@gmail.com,Chennai,Auto,TN65 9713,4.1,703,64349.91
191,Thomas Carroll,161-019-0626,qjackson@hotmail.com,Mumbai,Bike,TN97 1139,4.88,459,20671.3
192,Sandy Rogers,(697)123-5854,ajones@hotmail.com,Delhi,Auto,TN93 2997,4.54,606,20259.67
193,Victor Norman,(135)908-2858x823,hernandezmark@yahoo.com,Chennai,Bike,TN70 2628,4.93,108,83240.37
194,Mary Sullivan,001-081-890-4813x22778,amandakirby@boyd.org,Mumbai,Auto,TN60 3344,3.89,939,13698.58
195,Kristen Harrison,(062)203-4141,shuff@cruz.net,Pune,Auto,TN89 9546,3.6,594,68439.39
196,Travis Russell,001-768-143-3906x3921,fray@hill.com,Delhi,Bike,TN11 1208,3.51,764,37370.75
197,Joel Bryant,(367)782-5467x7099,katrina29@gmail.com,Pune,Bike,TN52 4340,4.74,909,23363.83
198,Ashley Turner,878.111.5436,sosakayla@may.org,Pune,Bike,TN47 6589,3.8,332,15215.42
199,Drew Garcia,464-666-4004x060,gloriapierce@davis.com,Bangalore,Bike,TN92 9715,4.61,429,30332.74
200,Cynthia Bradley,+1-275-387-7642,tanyapeterson@khan.com,Chennai,Auto,TN34 7672,4.55,140,64942.34
201,Michelle Miller,+1-524-462-4423x93829,linda21@hotmail.com,Delhi,Auto,TN57 2119,4.69,199,86059.93
202,Susan Arias,542-502-3243,daniel93@walker-lester.net,Hyderabad,Bike,TN18 4402,4.29,211,17788.09
203,Frances Gonzales,167-572-1815x93072,xjohnson@yahoo.com,Mumbai,Auto,TN79 9098,4.92,419,9902.52
204,Jenna Smith,728-125-0377x6795,kharrison@yahoo.com,Mumbai,Bike,TN11 9206,4.09,710,96877.53
205,Rhonda Powell,+1-558-466-0775x940,berryanthony@martin.com,Kolkata,Auto,TN49 8010,4.8,474,57887.5
206,Lee Jordan,185-392-5016,cameron98@hotmail.com,Hyderabad,Auto,TN84 6106,3.54,441,84499.4
207,Bobby Moore,001-313-693-7790,jbright@gallagher.com,Pune,Auto,TN34 6783,4.32,767,33228.07
208,Christopher Fisher,8667571781,aflores@hotmail.com,Bangalore,Bike,TN81 1460,3.71,786,8553.2
209,Scott Horn,598.484.6612,wadejames@hotmail.com,Bangalore,Bike,TN46 5568,4.69,234,28693.21
210,Roger Franklin,404.729.2074x0216,kpreston@camacho.com,Hyderabad,Auto,TN44 6447,3.86,97,43792.29
211,Valerie Lang,911.360.7871x5838,belliott@lee.com,Delhi,Auto,TN88 2235,4.92,729,96356.38
212,Jeffery Nguyen,(642)834-3383,qmcdonald@shelton.net,Hyderabad,Bike,TN58 5038,4.24,839,62646.21
213,Trevor Brooks,772.013.7662,kathleenlandry@yahoo.com,Pune,Auto,TN17 7439,3.52,57,55028.46
214,Sheila Peterson,681.421.2146x6325,barbara59@johnson.org,Pune,Auto,TN89 8833,3.89,163,44744.42
215,Mr. Lee Bullock,291.819.0567,taylorayers@matthews.net,Pune,Auto,TN84 5294,4.01,105,40011.24
216,Richard Payne,746-166-4520x6915,winterscaitlyn@smith.com,Pune,Auto,TN12 4005,3.51,399,28276.48
217,Hannah Jimenez,001-254-592-1872,mariaromero@bradford.com,Chennai,Bike,TN61 8530,4.89,100,77656.85
218,Tara Miller,(269)909-2102x1724,michaeltorres@yahoo.com,Mumbai,Bike,TN82 8597,3.83,164,16018.96
219,Kevin Bradley,(761)530-2272x450,zgarcia@chapman.com,Kolkata,Auto,TN56 1295,4.75,625,79687.55
220,Zachary Robinson,983.112.4760,westshaun@smith.com,Kolkata,Bike,TN65 6695,4.34,260,9952.91
221,Tyler Payne,+1-430-361-3075x7458,curtissmith@yahoo.com,Bangalore,Bike,TN59 5075,3.99,616,84354.24
222,Mrs. Michele Mccarty,(759)165-2500x8457,fesparza@davis.com,Pune,Bike,TN71 2059,4.84,187,46737.47
223,Charlene Evans,+1-812-474-9637x251,bvasquez@gmail.com,Kolkata,Auto,TN41 1915,3.97,914,39757.92
224,Kenneth Johnson,978-782-5191x5131,angelaboyd@blankenship.com,Hyderabad,Auto,TN39 9063,4.68,780,48747.64
225,Shannon Kaiser,(323)160-3714,dawn56@yahoo.com,Delhi,Bike,TN47 1865,4.51,311,65206.17
226,Jay Hobbs,(511)569-4027,zimmermankathryn@gmail.com,Pune,Auto,TN32 8402,4.45,690,75368.87
227,John Martin,4977917883,mayerbethany@gmail.com,Kolkata,Auto,TN90 9309,4.88,621,63379.65
228,Amber Rodriguez,+1-846-520-7264x169,ybarnes@lambert.net,Delhi,Bike,TN50 4238,3.51,541,62074.8
229,Morgan Small,214.881.9915,wallaceanna@yahoo.com,Pune,Bike,TN55 5227,4.23,644,62371.29
230,Maureen Smith,+1-792-672-9143x06118,anncross@anderson.com,Mumbai,Bike,TN26 9162,3.54,201,95192.8
231,Kiara Santana,001-789-903-8134x5256,guerrajeffery@hotmail.com,Kolkata,Auto,TN29 2989,3.54,850,91761.06
232,Kelsey Smith,001-845-467-0691x9337,ginajoyce@hotmail.com,Bangalore,Bike,TN52 3392,4.68,493,67721.53
233,Steven Bridges,615.568.0943x80257,chandlerangela@gmail.com,Kolkata,Bike,TN73 1962,3.79,814,14480.5
234,Laura Gregory,620.906.4651,ashleygarcia@gmail.com,Pune,Bike,TN33 8756,4.37,63,60240.9
235,Brittany Brown,503.292.8685,davidwilliams@hotmail.com,Pune,Auto,TN20 7148,4.47,604,67120.01
236,Jared Maldonado,381-845-2815,thernandez@brown-johnston.net,Pune,Bike,TN13 4805,4.88,154,42812.92
237,Adrian Gardner,433-198-9492,john39@payne.net,Hyderabad,Bike,TN49 5357,4.33,156,18570
238,Fernando Maddox,624.498.5371x09455,jeffreyrodriguez@arnold.com,Pune,Auto,TN47 8853,4.87,782,71253.2
239,Dustin Cook,971-638-4423,ericdavis@gmail.com,Pune,Auto,TN67 9148,4.02,321,69539.52
240,Susan Jones,001-792-979-2643,jenna38@james-long.info,Hyderabad,Auto,TN65 8292,4.39,442,70769.74
241,Sharon Smith,219.586.4428x18178,kennethlawson@gmail.com,Mumbai,Auto,TN41 4044,4.45,452,78345.23
242,Jill Hess,001-875-488-9646,wayne56@yahoo.com,Delhi,Bike,TN10 1176,4.99,329,32050.93
243,Amanda Mcintosh,+1-252-737-0996x35839,calvin07@yahoo.com,Delhi,Bike,TN29 3681,4.99,629,39946.49
244,Jane Carey,(113)211-1607,xcarr@jennings.biz,Bangalore,Auto,TN36 8381,3.84,686,93914.76
245,Robert Brown,001-919-299-2579x580,marciamurphy@walker.com,Chennai,Bike,TN46 1235,4.69,541,50277.44
246,Christopher Lee,140.727.9483,smithalexandra@gmail.com,Chennai,Auto,TN80 1151,4.55,102,94392.56
247,Adam Kline,081-984-5330,burnstristan@ortega.org,Bangalore,Auto,TN29 4702,4.4,867,39101.5
248,Marcus Maynard,+1-732-654-4902x1293,thomas67@yahoo.com,Kolkata,Auto,TN80 6826,4.62,368,83216.52
249,Betty West,312.487.8045x5157,chapmanjennifer@yahoo.com,Kolkata,Bike,TN14 5148,4.67,650,78830.59
250,Alejandro Melton,500-008-2306x5616,kathy33@wilson-smith.info,Kolkata,Bike,TN72 5366,4.68,314,27586.65
251,Keith Smith,+1-556-087-0966x31388,sullivanomar@bradford.com,Kolkata,Bike,TN59 3341,4.91,452,73079.6
252,Leslie Martinez,121.760.4593,whitezachary@yahoo.com,Delhi,Bike,TN68 2922,3.56,785,49476.72
253,Billy Lopez,+1-374-642-8948x162,opark@yahoo.com,Kolkata,Auto,TN47 1114,5,697,69271.6
254,Felicia Goodman,235-459-6873x6587,hallen@mayer.biz,Pune,Bike,TN12 2113,3.82,688,87128.97
255,Glenda Davis,9423640705,sjohnson@yahoo.com,Delhi,Auto,TN84 7297,4.06,389,17036.87
256,Kristen Valdez,001-360-000-3034x77594,jennifer66@wallace.net,Bangalore,Bike,TN20 7587,4.79,127,13355.24
257,Cynthia Oneill,6422552745,gonzalezjulia@yahoo.com,Mumbai,Bike,TN70 9001,3.57,538,13266.11
258,Benjamin Taylor,4394715334,danielorr@anthony.info,Bangalore,Auto,TN24 3339,4.56,215,19870.84
259,Trevor Benson,3938656356,perezlaura@hotmail.com,Hyderabad,Bike,TN59 9079,4.11,573,6839.75
260,Rebecca Stone,(019)073-8505x0541,martinezmichelle@massey.com,Delhi,Bike,TN87 7411,4.81,70,81068.8
261,Carla Hall,364-688-5400x3267,rsharp@yahoo.com,Chennai,Auto,TN70 8441,4.38,719,19567.49
262,Robert Brown,252.506.0913x891,toddshannon@gordon-reed.com,Delhi,Auto,TN63 8756,4.05,646,80494.51
263,Kyle Vasquez,001-412-900-9207x810,jon66@morgan.com,Mumbai,Bike,TN62 2646,3.73,718,95924.48
264,Daryl Rose,(695)784-0688x073,rebeccamartinez@miller.com,Kolkata,Bike,TN46 6437,3.83,690,79196.12
265,Jim Hogan,(627)146-1292x78818,ashley62@fernandez-owens.net,Hyderabad,Auto,TN74 1123,3.55,253,62303.92
266,Megan Kennedy,0246688629,hrusso@abbott-hickman.biz,Hyderabad,Auto,TN14 3755,4.37,587,66183.36
267,James Hernandez,001-395-965-7980x7305,vwilkins@brown.com,Hyderabad,Bike,TN98 7121,3.71,547,18891.72
268,Susan Andrade,(601)857-9949x271,tommywilson@gmail.com,Chennai,Bike,TN61 8353,3.54,97,39210.88
269,Darrell Arellano,133-331-5973x9386,mjefferson@miller.com,Delhi,Auto,TN89 7661,3.89,379,93384.57
270,Julie Spencer,(755)738-0891,alexandria58@yahoo.com,Delhi,Auto,TN39 1749,4.68,485,29848.61
271,Karen Mendoza,+1-642-410-6910x684,curtiscatherine@yahoo.com,Hyderabad,Auto,TN82 3097,4.3,164,70929.92
272,Keith Shaw Jr.,(562)456-6505,nguyenchelsea@espinoza.com,Chennai,Bike,TN56 8433,3.98,393,88713.45
273,Jeffrey Huff,238-038-4682,harriskevin@gmail.com,Delhi,Bike,TN32 7276,4.39,323,29791.55
274,Logan Leach,+1-947-027-0464,ppowell@anthony.biz,Pune,Auto,TN99 4775,3.71,652,90736.12
275,Ryan Peterson,001-944-751-1064x3990,smithtanner@valencia-castillo.biz,Kolkata,Bike,TN18 2058,4.79,430,61646.24
276,Jessica Cardenas,344.042.3148,morascott@decker-allen.org,Pune,Bike,TN87 7899,4.3,352,57497.88
277,Krystal Johnson,500.769.5952,kimpalmer@james.com,Delhi,Bike,TN25 4462,4.48,854,32605.86
278,Manuel Garrison,+1-837-810-7765,jthomas@gmail.com,Chennai,Auto,TN48 1807,4.95,684,55098.88
279,Brenda Lee,+1-377-875-2144x827,jose03@sandoval.com,Hyderabad,Bike,TN67 3794,3.54,573,64712.91
280,Joy Simpson,(254)832-7929,ariel46@long.com,Mumbai,Auto,TN74 1990,4.5,601,21168.84
281,Christopher Johnson,(996)906-8666x110,brianallen@taylor-austin.biz,Delhi,Auto,TN94 6994,4.5,515,45765.96
282,Tyler Lawrence,616.941.4361,sandra67@hotmail.com,Delhi,Bike,TN65 5619,4.12,406,98833.4
283,Sarah Wilson,9632294514,moorejane@perry.com,Chennai,Bike,TN10 9238,4.19,372,59801.48
284,Michael Contreras,471.634.2914x205,brownrobert@gmail.com,Pune,Auto,TN63 5567,3.82,752,32958.04
285,Brett Fernandez,001-041-892-4538,cfreeman@oliver.org,Hyderabad,Bike,TN23 4067,4.96,756,23621.91
286,Edward Ross,549.562.6504x4348,claudia69@glass.info,Pune,Bike,TN46 3825,4.77,914,92840.76
287,Joshua Morgan,815.688.3400,aaronblankenship@hayes.com,Delhi,Bike,TN57 7981,3.95,288,96541.16
288,John Cox,058.753.2436,rodriguezsuzanne@schwartz.net,Pune,Bike,TN27 5473,4.63,177,71937.91
289,John West,(364)840-4686,michaelannette@gmail.com,Delhi,Bike,TN66 1234,4.33,437,14543.48
290,Thomas Travis,483-414-6722x2837,whitenicole@gomez.info,Kolkata,Auto,TN16 5136,3.54,224,15501.48
291,Richard Torres,081.289.6523x1163,chadkemp@kerr-schneider.com,Hyderabad,Bike,TN52 1126,3.68,507,17869.18
292,Jeffrey Reed,001-534-850-6543x873,ashleygreen@hotmail.com,Bangalore,Auto,TN97 9028,3.59,341,7107.27
293,Karen Byrd,+1-702-826-0480x4074,hsmith@hill.com,Pune,Auto,TN32 4647,3.57,73,91473.08
294,Gregory Underwood,982-699-1192x99648,julievincent@gmail.com,Chennai,Bike,TN52 3688,4.86,578,97907.54
295,Ian Roberson,071-514-4156,cookmichael@white.com,Pune,Bike,TN24 4256,4,228,14576.61
296,Emily Wallace,001-772-612-7149x19213,jerryriley@yahoo.com,Delhi,Auto,TN35 6020,3.97,262,25194.77
297,Marisa Lamb,(387)010-1688,chayes@russo.info,Kolkata,Auto,TN24 6561,4.14,943,34852.87
298,Dana Carpenter,8277768248,ccortez@cole-lewis.com,Chennai,Auto,TN61 4506,4.24,702,15078.17
299,Bradley Taylor,049-327-1214x2522,dreynolds@mahoney.com,Kolkata,Auto,TN73 1043,4.65,728,71989.88
300,Jacqueline Wilkins,(928)401-9010x5365,mjordan@yahoo.com,Chennai,Bike,TN18 9350,3.67,700,50840.29
301,Lori Smith,001-868-027-7196x5500,amberhamilton@gmail.com,Pune,Auto,TN66 3761,3.98,942,88572.08
302,Jay Koch,+1-360-630-1482x001,garciamichael@gmail.com,Kolkata,Bike,TN83 9934,4.07,804,21586.82
303,Elizabeth Oneill,+1-298-263-6450x9519,jennavalentine@wiley.com,Delhi,Auto,TN41 1691,4.42,590,72156.98
304,Crystal Dorsey,688-163-2047,tryan@davis-baker.com,Kolkata,Auto,TN31 6763,4.22,465,67596.47
305,Julie Le,001-421-129-9061,livingstonsean@gmail.com,Chennai,Auto,TN76 1420,4.13,887,97275.33
306,Shirley Hart,001-408-020-1894x511,daniel97@hotmail.com,Hyderabad,Auto,TN52 2808,3.59,146,17018.77
307,Mary Glover,+1-721-679-8249x4013,matthewchen@gmail.com,Hyderabad,Bike,TN87 1729,3.86,577,53425.47
308,Taylor Chavez,001-769-176-3174,sarahjohnson@bradley.biz,Delhi,Auto,TN44 7127,4.7,597,11581.37
309,Donna Stanton,+1-607-156-7412,bhuang@poole-evans.biz,Bangalore,Bike,TN22 5360,4.99,70,89080.9
310,Melinda Wallace,904.098.9902x91524,michaelfuller@hotmail.com,Kolkata,Auto,TN12 8731,4.73,603,63328.44
311,James Cummings,001-650-183-4908x7892,ashley27@barr.com,Kolkata,Auto,TN85 5734,3.71,560,20290.89
312,Caroline Miller,663.507.1586x1452,alexanderthomas@hotmail.com,Kolkata,Bike,TN51 6418,4.47,216,60524.14
313,Cristina Barrera,001-408-872-3537x3285,johnsonmary@yahoo.com,Delhi,Bike,TN48 9703,4.39,63,34262.38
314,Ryan Walker,1189373995,johnscott@ross.info,Pune,Bike,TN24 8709,3.57,448,53591.81
315,Brenda Farmer,387-297-2719x49205,andrew38@hawkins.org,Pune,Auto,TN59 4843,4.19,708,56219.37
316,William Williams,912.071.0210x1812,chaneystephanie@gmail.com,Hyderabad,Bike,TN39 9916,4.5,267,81712.27
317,Katelyn Stevens,(298)092-0372,katelynsimmons@gmail.com,Kolkata,Bike,TN39 9617,3.52,210,80009.56
318,Cheryl Carroll,938-115-3947,ogamble@luna.com,Chennai,Bike,TN69 7790,4.14,301,10665.65
319,Debra Rice,3152292896,daniellemyers@murphy-richards.com,Pune,Bike,TN95 2446,4.19,426,97199.8
320,Allison Irwin,902-422-9647x00975,jasongonzalez@yahoo.com,Pune,Bike,TN44 4989,4.53,997,48243.83
321,Samantha Hoover,(002)819-6240x61166,wreyes@dunlap-warner.com,Pune,Bike,TN50 5054,4.48,371,22120.23
322,Gail Davis,+1-531-882-1282,kimberly31@werner.com,Hyderabad,Bike,TN81 9747,4.33,617,74401.42
323,Charles Casey,+1-214-003-1502,richardcortez@williams-mccoy.com,Mumbai,Auto,TN15 4580,4.94,173,29317.85
324,Michael Dougherty,857-346-6015x9453,jennifer45@yahoo.com,Pune,Auto,TN63 2939,4.15,883,80082.27
325,Connie Casey,(462)626-4118,johnsonpaul@powell.biz,Kolkata,Bike,TN88 6657,4.56,319,80490.08
326,Lauren Levy,+1-730-980-4814x1373,hannasamantha@weber.com,Hyderabad,Bike,TN90 8205,3.52,976,64492
327,Christina Johnson,481.608.4537x1213,austinbrown@yahoo.com,Delhi,Bike,TN66 9215,4.05,359,16573.06
328,Crystal Bowen,449.292.4066x898,sheryl09@chung.info,Delhi,Bike,TN56 5179,3.79,583,14329.69
329,Kyle Patel,143-538-6058x275,jennifer64@yahoo.com,Mumbai,Auto,TN95 4826,4.44,65,40411.31
330,Michael Hudson,589-804-5094x082,chloerussell@yahoo.com,Pune,Auto,TN70 8034,3.58,73,80173.84
331,Kari Leblanc,209.839.6461,jasonbell@yahoo.com,Chennai,Bike,TN26 3639,4.01,95,44540.94
332,Sarah Lucas,001-228-097-8635x87002,edwardpugh@nichols-flores.net,Bangalore,Auto,TN84 4326,4.13,418,25125.17
333,Mary Hamilton,674-781-1550x9012,richard38@hotmail.com,Delhi,Auto,TN85 6744,4.8,844,44780.37
334,Gary Phillips,(822)543-6184,robertramos@hotmail.com,Pune,Bike,TN41 3051,4.64,576,13166.3
335,Kristen Munoz,003-740-6866,frederickkeith@yahoo.com,Mumbai,Auto,TN64 1722,4.32,229,23688.59
336,Seth Pena,(529)588-1231,rluna@silva-jenkins.org,Pune,Auto,TN29 1244,3.63,504,70440.65
337,William Herring,232-340-5757,mgarcia@yahoo.com,Hyderabad,Auto,TN22 2344,4.05,517,18631.31
338,Lisa Stephens,287-217-2520,christine87@cox.com,Bangalore,Bike,TN49 3745,4.67,442,84945.69
339,Sara Perez,001-382-849-5250x8898,jaredrodriguez@zavala.org,Mumbai,Auto,TN76 7484,4.56,668,96421.8
340,Bailey Deleon,(224)364-4625,kingmonique@yahoo.com,Mumbai,Bike,TN25 2315,3.95,851,87568.51
341,Laura Richards,6731411372,sierra84@dean.com,Mumbai,Bike,TN91 9683,3.74,397,5416.1
342,Yvette Palmer,+1-994-082-9384x370,jennifer40@stewart.net,Kolkata,Auto,TN27 6523,4.05,709,64624.04
343,Mr. Christopher Bolton,073-172-7172x804,gregory23@lopez-hall.com,Bangalore,Auto,TN21 8049,4.26,131,73255.91
344,Christopher Taylor,001-338-604-9480x099,sbonilla@hotmail.com,Delhi,Auto,TN27 2432,4.78,665,95797.41
345,Jasmine Bush,001-819-788-0080x354,jstephens@hotmail.com,Chennai,Bike,TN86 2512,4.63,662,69555.53
346,Jacob Williams,(237)347-9364x28661,hughesrita@chavez.com,Pune,Auto,TN55 4391,4.35,939,71458.49
347,Maurice Woodward,+1-759-980-8605x51125,ipeters@yahoo.com,Mumbai,Auto,TN80 9654,3.83,582,20372.29
348,Patrick Garrett,3872952687,kenneth72@baker.org,Kolkata,Auto,TN44 1993,3.82,910,20236.21
349,Gabrielle Rowe,870-065-2140x97275,sanderson@gmail.com,Bangalore,Bike,TN73 6543,3.67,391,63630.99
350,Dennis Jackson,001-920-361-3875x34235,hartkayla@joseph.com,Mumbai,Bike,TN79 1751,4.01,336,84098.79
351,Beverly Clark,955-991-5210x89175,virginiamartinez@yahoo.com,Mumbai,Auto,TN52 6936,4.06,761,43589.71
352,Terri Curtis,+1-604-776-9998x51051,hjohnson@yahoo.com,Bangalore,Auto,TN43 4142,4.03,110,68447.09
353,Lindsay Hester,001-387-186-3601x43432,donnarobinson@hotmail.com,Mumbai,Auto,TN74 8568,4.33,995,88430.45
354,Daniel Rivera,425.240.0142x36601,creyes@brooks.com,Kolkata,Bike,TN53 9247,3.99,545,67180.22
355,Charles Vazquez,388.907.2968x512,andrea60@yahoo.com,Chennai,Auto,TN81 4807,3.92,219,27219.16
356,Sarah Stephens,795-368-0937,harrisamber@buchanan.com,Mumbai,Auto,TN21 8422,3.84,623,28597.68
357,Jack Cunningham,908.259.8869x6856,bryantdonald@keith.com,Mumbai,Auto,TN92 6668,4.66,601,11029.3
358,Sherry Rodriguez DDS,+1-824-854-3679x16290,christinaprice@yahoo.com,Kolkata,Bike,TN67 1982,4.51,840,15266.08
359,Mike Arias,(193)610-6455,lisaevans@riley.com,Delhi,Bike,TN61 6012,3.72,551,80242.4
360,Timothy Little,981-600-0357x7954,charlesbrown@hotmail.com,Bangalore,Bike,TN30 1365,4.28,84,87954.13
361,Jennifer Wood,+1-193-274-4950,crystal03@suarez.com,Chennai,Bike,TN14 5600,4.27,528,51534.31
362,David Griffith,(828)777-0530,yoliver@yahoo.com,Kolkata,Auto,TN83 3333,4.37,118,18692.85
363,Laura Rogers,800.629.3735x307,kaylamalone@tapia.com,Pune,Auto,TN23 3972,3.78,239,40558.54
364,Terry Murphy,998.517.4139x0516,erikaedwards@gmail.com,Hyderabad,Bike,TN58 7903,3.58,176,58159.04
365,Kimberly Pierce,0127065192,toddandrea@lowe-wright.com,Mumbai,Bike,TN30 9882,4.06,222,51999.1
366,George Harris,308-403-7194,qwilliams@doyle.com,Chennai,Bike,TN73 6393,4.15,433,82860.06
367,Christopher Williams,847.115.7278x170,stacy14@martinez.org,Kolkata,Bike,TN27 7148,4.66,743,55755.96
368,David Robinson,001-312-885-6007x5718,yjones@gmail.com,Bangalore,Auto,TN72 8161,4.87,470,48215.3
369,Maureen Miller,308.004.5891x30498,philipgross@baker.com,Hyderabad,Bike,TN88 6537,4.41,828,35280.08
370,Alexander Williams,310.647.5808x531,lbowen@ferguson.com,Mumbai,Auto,TN34 1223,3.95,236,93677.04
371,Donna Hunt,856-448-5787,james55@yahoo.com,Chennai,Auto,TN14 7169,3.68,433,69625.45
372,Kayla Mays,310.412.7536,derrickbarajas@gmail.com,Hyderabad,Auto,TN63 4197,3.97,249,56253.15
373,Keith Ramirez,001-045-021-7970x643,carla43@gmail.com,Delhi,Auto,TN33 1440,4.26,109,23381.18
374,Chad Wong,+1-295-167-7705,joshuadavis@campbell.net,Kolkata,Auto,TN73 3564,4.16,72,92475.71
375,William Holland,307.243.3631,browningpatricia@hotmail.com,Kolkata,Auto,TN95 1405,4.37,143,27584.42
376,Karen Watson,+1-892-953-3125,janetharris@gmail.com,Delhi,Auto,TN15 2539,4.08,131,7206.9
377,Gabrielle Carson,(445)895-2500x3585,isabel52@gmail.com,Delhi,Bike,TN27 7825,4.05,283,20521.95
378,Destiny Robertson,288-364-4715,shannonzuniga@rivers-hicks.info,Hyderabad,Auto,TN57 8480,3.88,283,61491.59
379,Barbara Thompson,+1-692-066-4647,justinclarke@gmail.com,Bangalore,Auto,TN31 3930,4.84,128,88501.88
380,Lori Green,704-706-3479x524,kelly06@browning.com,Hyderabad,Bike,TN35 4663,3.75,758,45755.47
381,Wayne Glover,069-879-1891x126,jennifersmith@roman-ford.biz,Delhi,Bike,TN75 3414,4.72,50,95035.77
382,Jennifer Lewis,001-705-956-5484x45188,maryross@sosa.com,Hyderabad,Bike,TN90 1879,3.72,520,23540.04
383,James Tucker,354.106.2505x8515,opratt@gmail.com,Chennai,Auto,TN44 3302,3.91,935,45252.41
384,David Pham,+1-120-131-9045x1837,longscott@yahoo.com,Mumbai,Auto,TN92 5395,4.39,168,27337.46
385,Dr. Joshua Gilbert,+1-535-816-2476x187,watsonadam@wallace.biz,Mumbai,Bike,TN48 2237,4.38,761,30042.34
386,Donna Yates,(496)888-7533x2536,jason15@hamilton.com,Bangalore,Auto,TN29 1857,3.6,141,61739.9
387,Tammy Johnson,+1-055-641-2232,cbishop@gmail.com,Bangalore,Auto,TN31 4108,3.61,69,48886.36
388,James Hernandez,461.356.3019x10221,dominguezlauren@yahoo.com,Delhi,Auto,TN84 4056,4.88,560,7769.17
389,Jessica Novak,(571)612-6521x5376,robert45@morales-wright.com,Hyderabad,Bike,TN85 7834,4.35,772,32668.6
390,Sarah Kelley,001-214-055-4566,williammckinney@jackson.com,Delhi,Auto,TN99 1954,3.97,799,17534.05
391,Lance Rios,001-158-196-5450x727,barrettronald@yahoo.com,Mumbai,Bike,TN93 2501,3.64,360,57104.71
392,Samuel Castillo,495.095.4707x2413,robertfrancis@yahoo.com,Hyderabad,Auto,TN80 1140,3.94,270,81556.53
393,Andrew Roman,(972)399-3404,manningjoshua@henderson-martin.biz,Delhi,Auto,TN32 5484,4.9,835,6949.78
394,Nicholas Martin,(751)816-3840,bauersteven@yahoo.com,Mumbai,Auto,TN53 8611,4.29,142,88182.48
395,Regina Doyle,200-152-3729x136,ewingleah@mcclure-bender.com,Mumbai,Bike,TN54 1339,4.15,691,44336.84
396,Barbara Rogers,953-240-6286,lriley@bruce-garrett.com,Mumbai,Auto,TN78 4838,3.86,830,21851.79
397,Craig Maldonado,159-890-6296x4057,kathleen47@gmail.com,Mumbai,Bike,TN80 2119,3.52,495,52727.49
398,Terri Hill,001-133-890-4167x0723,moniquewhitaker@ruiz-gill.com,Mumbai,Auto,TN22 6309,3.83,75,6495.75
399,Chelsea Jefferson,+1-953-437-1789,coopercarolyn@gmail.com,Mumbai,Bike,TN38 9146,4,310,73009.65
400,Daniel Farley PhD,(264)020-3839,xflores@gmail.com,Hyderabad,Auto,TN62 8952,4.57,149,25617.37
401,Kimberly Wells,643.304.9005x4492,jryan@gmail.com,Delhi,Bike,TN18 2387,3.83,443,99054.84
402,Gregory Ross,025-826-4220,juliastokes@yahoo.com,Kolkata,Auto,TN43 8301,3.71,672,88961.85
403,Gloria Kelly,(939)072-1939,baileysteven@hotmail.com,Kolkata,Auto,TN91 8725,4.55,198,95188.53
404,Vicki Black,+1-966-121-8424,barnesjoshua@miller.com,Delhi,Bike,TN17 4857,4.62,686,75275.34
405,Danny Grant,302.890.7631x258,kelseywu@raymond-duncan.com,Kolkata,Bike,TN60 1124,4,188,72320.11
406,Samuel Lawson,001-027-069-4222x52330,pfox@juarez.com,Delhi,Auto,TN32 5894,3.64,396,66387.3
407,Anthony Shah,(190)978-7780x220,kenneth29@williams.com,Delhi,Bike,TN42 6852,4.26,803,40896.19
408,Lauren Miles,+1-888-723-2732x32163,tonyagibson@sanchez.biz,Delhi,Bike,TN76 5948,3.96,695,27876.91
409,Rhonda Reid,717.362.0027,william41@garcia.info,Mumbai,Auto,TN50 3640,4.45,848,70747.43
410,Kimberly Mcintosh,001-188-336-1200x1402,oburns@hotmail.com,Chennai,Auto,TN21 1403,3.88,719,20816.61
411,Chad Green,+1-084-450-0558,vgonzalez@williams-hill.info,Kolkata,Bike,TN89 9261,4.56,86,9828.09
412,Marissa Wilkins,370.567.4542x7944,haileyharris@manning-tate.info,Kolkata,Bike,TN92 7090,4.32,69,34426.16
413,Dr. Brandon Bryant,7297365932,hsnyder@gibson-mcneil.com,Hyderabad,Bike,TN41 2077,4.76,469,16058.58
414,Karen Stone,+1-837-271-9008,ajackson@hunter-smith.org,Chennai,Auto,TN25 6136,4.62,420,39012.61
415,Leslie Lopez,(121)668-2234,brandonpadilla@herring.com,Chennai,Auto,TN84 3792,4.81,117,36617.96
416,Rebecca Lee DVM,960-935-8064x503,alvarezstacy@johnson-barajas.net,Delhi,Auto,TN57 4297,3.84,155,67625.46
417,Leslie Carson,001-015-694-9707x6009,kaitlyn77@terry.com,Pune,Bike,TN90 5972,3.65,886,6874.27
418,Kimberly Schwartz DDS,001-217-305-6734x16337,georgeellison@gmail.com,Mumbai,Bike,TN81 8125,4.79,560,9294.58
419,Lawrence Miles,846.189.4863x6461,petersonalexander@hotmail.com,Mumbai,Bike,TN22 2656,4.17,532,19312.79
420,Juan Nelson,(302)851-3580,ricky41@yahoo.com,Chennai,Bike,TN64 1986,4.33,959,79449.26
421,David Moore,001-586-274-6167,suttonjeffrey@gmail.com,Mumbai,Auto,TN35 8700,4.55,532,66501.17
422,John Bowers,001-016-245-0685x034,kellygilmore@collins.com,Chennai,Bike,TN90 9293,4.18,573,12883.07
423,Michelle Smith,(221)622-3612x9393,bellsusan@gmail.com,Bangalore,Auto,TN39 8147,3.95,871,62932.43
424,Cynthia Flores,(072)020-8199,jacob63@thompson.biz,Bangalore,Bike,TN70 4914,3.64,922,56708.24
425,Dustin Meyers,993.937.8091x9605,masonjames@gmail.com,Hyderabad,Auto,TN72 4428,4.75,885,58956.43
426,Matthew Moon MD,895.166.3482x5691,jesse56@butler.com,Bangalore,Auto,TN99 9659,3.71,227,15257.21
427,Patricia Mccarty,001-215-596-7481x92898,hwalker@yahoo.com,Chennai,Bike,TN42 4367,4.36,562,56822.68
428,Lisa Wilson,+1-960-598-8319x2984,brianarmstrong@gmail.com,Chennai,Bike,TN78 6112,4.4,363,32094.38
429,Samuel Smith,001-121-440-5213,staceysnyder@yahoo.com,Mumbai,Auto,TN49 4943,4.55,442,53262.91
430,Steven Deleon,(191)657-8605,samantha93@cruz.com,Delhi,Bike,TN49 7753,4.84,986,65414.77
431,John Wood,022-322-0237x3965,emily29@allison.com,Delhi,Auto,TN58 6492,4.28,782,37100.57
432,Jennifer Hendricks,010-369-3581,darylking@gmail.com,Mumbai,Bike,TN60 6392,4.95,487,90749.73
433,Crystal Grant,+1-525-954-9161x366,bryanharold@hotmail.com,Mumbai,Bike,TN21 9188,4.74,758,47439.42
434,Megan Ward,872.875.1615x0016,kevin86@hughes-wheeler.com,Mumbai,Auto,TN44 8591,4.95,58,68228.06
435,Rachel Perez,(528)712-4144,daniel94@yahoo.com,Hyderabad,Bike,TN98 1434,3.59,131,63429.74
436,Virginia Wolfe,+1-832-998-5828x640,tsnow@wall.com,Chennai,Bike,TN86 7837,3.57,383,79944.24
437,Laura Roberts,017.120.6182x221,cgeorge@gmail.com,Chennai,Bike,TN48 6715,4.09,861,29533.43
438,Brittany Schneider,2479375964,elizabeth27@hartman.com,Pune,Bike,TN13 7452,4.33,964,43109.54
439,Jonathan Morrow,314-195-2876,hberry@moon.com,Pune,Bike,TN72 7761,4.35,847,20772.07
440,Johnny Wood,+1-120-137-0782x57146,lynnalexis@gmail.com,Kolkata,Auto,TN59 9650,4.16,382,74923.07
441,Michael Vance,754-257-0638x4058,mmorrison@harvey-herring.org,Pune,Auto,TN85 7422,4.91,168,33920.59
442,Jesus Wells,6003364255,qholt@nelson.com,Delhi,Auto,TN78 6146,4.13,397,78957.58
443,Jennifer Mora,163.580.6586,gdorsey@yahoo.com,Chennai,Bike,TN83 4248,4.82,405,10908.57
444,Patrick Ross,(969)098-9555x355,victoria65@hotmail.com,Bangalore,Auto,TN80 9316,4.52,107,97057.19
445,Angela Kim,1786017361,douglasyoung@gmail.com,Kolkata,Bike,TN51 5463,4.08,750,40837.72
446,Jillian Burgess,803-011-3314x4279,adamsdenise@davis.net,Mumbai,Auto,TN39 8588,4.88,252,43568.6
447,Shawn Anderson,001-159-442-5248x97341,kbaker@yahoo.com,Delhi,Bike,TN29 4983,4.06,259,86593.16
448,Malik Hernandez,+1-350-175-6203,egarcia@thompson.net,Pune,Auto,TN41 4401,4.19,583,9378.78
449,Gregory Garcia,740.314.5483x798,jacobsmith@hotmail.com,Chennai,Auto,TN49 5294,4.13,463,23162.56
450,Jennifer James,315-850-8993x285,comptondylan@house.com,Chennai,Bike,TN98 7124,3.63,109,65518.76
451,Roger Olson,128.242.0704x9828,phillip76@gonzalez-wilson.com,Delhi,Auto,TN51 8425,4.34,472,40585.5
452,Ryan Nelson,+1-118-729-3658,rothisaiah@lloyd.biz,Pune,Auto,TN25 8477,4.74,496,38121.98
453,Lisa Patrick,016-210-2979x2894,chelsea26@strickland-webb.com,Hyderabad,Bike,TN34 3253,4.72,150,91393.14
454,Eugene Brown MD,+1-726-525-8212,hammondautumn@haynes.com,Delhi,Bike,TN32 9816,4.3,152,80901.12
455,Jesus Anderson,986.374.7205x316,sruiz@yahoo.com,Chennai,Auto,TN12 9335,3.85,438,66240.3
456,William Freeman,108-512-4377x458,alexanderfleming@gutierrez.net,Hyderabad,Auto,TN17 2492,3.82,54,82591.2
457,Stephen Oliver DVM,+1-560-738-6625x7509,tyler50@woods.com,Mumbai,Auto,TN93 8852,3.6,538,29426.01
458,Christopher Murphy,(515)790-3964x38230,qwells@torres.biz,Chennai,Bike,TN61 8086,3.67,956,7422.86
459,Rachel Hernandez,859.026.3285x824,mary80@yahoo.com,Bangalore,Bike,TN64 9622,4.9,83,56915.35
460,Jonathan Wood,073.392.3322,mcbrideamy@klein.com,Chennai,Auto,TN20 2760,4,146,62873.34
461,John Turner,9340020125,andrewsimon@gmail.com,Kolkata,Bike,TN63 4329,3.89,51,64800.16
462,Jesse Mercer,122.859.4597x2643,aallen@gmail.com,Delhi,Auto,TN23 2912,4.22,650,5197.19
463,Thomas Ramsey,001-410-785-7211,jacqueline51@macias.com,Chennai,Auto,TN28 3773,4.86,75,98278.74
464,Tristan Sutton,145-243-4999,williamsmelissa@gmail.com,Delhi,Bike,TN88 2639,3.88,365,25703.95
465,Michael Coffey,989.149.5542x112,michelle12@hotmail.com,Bangalore,Auto,TN57 8373,4.51,301,24398.79
466,Pamela Wright,311-206-5277x489,david49@yahoo.com,Pune,Bike,TN29 4102,4.69,800,68506.95
467,Amanda Castillo,(522)710-7461,kathryn01@hotmail.com,Pune,Bike,TN17 9810,3.58,289,89159.77
468,William Esparza,(990)410-7319x9583,emma62@hotmail.com,Chennai,Bike,TN12 6590,3.93,353,51056.12
469,Lisa Lopez,001-828-573-4311x34384,madison40@murphy.org,Chennai,Bike,TN95 8487,4.33,873,22983.78
470,Janice Bond,935.263.3374x4296,johnsmith@yahoo.com,Pune,Auto,TN94 6430,3.89,515,84325.71
471,Wayne Greene,+1-319-516-3814x554,samantha39@mora.net,Kolkata,Auto,TN39 2749,4.94,550,83854.57
472,Joseph Reynolds,+1-026-096-7840x62190,savannahramirez@hotmail.com,Bangalore,Auto,TN84 9642,4.33,887,62283.12
473,Cynthia Rodriguez,375.802.4146,franklinsteven@stevens.org,Delhi,Auto,TN30 5948,4.33,540,22589.99
474,Julie Pruitt,(553)726-4302,sbarnes@hotmail.com,Delhi,Auto,TN16 8611,3.9,65,25196.57
475,Janice Salazar,782.588.5282x662,shelley45@yahoo.com,Mumbai,Auto,TN28 8401,3.9,135,94497.29
476,Melanie Powers,5302022281,shawn26@hotmail.com,Bangalore,Bike,TN74 7689,4.7,254,10384.7
477,Vickie Davila DVM,001-782-859-0365x2058,gperkins@yahoo.com,Delhi,Bike,TN59 6138,4.69,638,45356.28
478,Joseph Foster,330.071.8487x63454,unavarro@hawkins-russell.com,Pune,Auto,TN35 6417,4.58,982,35025.27
479,George Boyd,001-177-011-9339,websterjacob@gmail.com,Chennai,Bike,TN98 9868,3.92,388,50247.1
480,Morgan Jones,001-109-729-0821x1162,brittanymoore@hotmail.com,Delhi,Bike,TN32 7402,4.83,256,67669.24
481,Amanda Wilson,915-891-2380x299,freemanjose@yahoo.com,Hyderabad,Bike,TN32 5141,4.14,378,86900.11
482,Jacob Thompson,727-517-8177,amanda32@harrison.com,Delhi,Auto,TN22 5481,3.65,829,97068.51
483,Chad Sullivan,+1-755-251-0941x61492,davidbrown@harmon-flores.com,Delhi,Auto,TN79 8402,4.32,251,53053.25
484,Kimberly Blanchard,970.434.6939,donna49@horn.info,Bangalore,Bike,TN82 1938,4.12,939,48775.72
485,Susan Jimenez,216.691.4372x273,powersmelissa@hotmail.com,Mumbai,Bike,TN26 7644,4.74,130,31932.35
486,Tiffany Taylor,001-431-664-3372x0929,buckjulie@jackson.biz,Mumbai,Auto,TN14 9853,3.87,581,33547.2
487,Elizabeth Gonzales,(301)913-1204x559,davisalexa@gmail.com,Chennai,Bike,TN57 2198,4.29,929,69731.86
488,Heather Huber,273.629.3423x48241,pamela42@yahoo.com,Kolkata,Bike,TN43 2326,4.82,246,65478.45
489,Michael Hall,(824)117-1385x098,jdavis@golden.biz,Kolkata,Bike,TN91 3067,4.86,991,41261.37
490,Michael Green,+1-025-576-3387,cmoore@rogers-jones.com,Hyderabad,Auto,TN72 2571,3.59,609,38025.57
491,Jessica Lee,+1-406-050-6593x1362,debra39@hotmail.com,Bangalore,Auto,TN45 6083,4.14,305,23675.82
492,Scott Jones,001-485-309-1601x1437,kayla09@franklin.com,Mumbai,Auto,TN24 1516,3.61,763,48919.41
493,Gregory Terry,829-499-3470,anthony13@watson.com,Chennai,Auto,TN88 3349,3.76,994,67639.51
494,Nathaniel Owens,232.528.4034,castillomandy@hotmail.com,Pune,Auto,TN74 2700,4.05,752,41502.66
495,Jeremy Johnston,+1-931-903-5350x5685,meganroy@odonnell.org,Bangalore,Auto,TN12 6387,3.65,72,5367.36
496,Brianna Crosby,001-672-861-2736x4493,sknight@hotmail.com,Kolkata,Bike,TN12 5655,4.13,588,37484.39
497,Bailey Giles,001-628-768-8490,mosscurtis@garcia.com,Mumbai,Bike,TN50 6421,3.82,620,61987.97
498,Diane Smith,+1-888-224-7356x9743,katielynch@mclean-calhoun.com,Delhi,Bike,TN37 3844,3.66,428,30097.46
499,Brent Riddle,617-016-9794,suarezmeagan@hudson-deleon.com,Kolkata,Bike,TN70 3311,4.56,147,98560.19
500,Stephen Chambers,(375)334-6541,alisha86@flores-skinner.info,Mumbai,Auto,TN96 3977,3.73,665,84002.4
501,Jordan Mcdonald,(987)713-6645,susandiaz@yahoo.com,Bangalore,Bike,TN50 5665,4.55,883,32918.37
502,Joan Chapman,(389)861-5996,jessica46@walker.biz,Pune,Bike,TN82 7042,4.26,214,52623.36
503,Shannon Johnson,001-425-131-1553x705,hernandezalexander@reeves.net,Mumbai,Bike,TN94 5971,3.73,780,54926.56
504,Amy Lawson,(529)535-6588x6234,paulsanchez@scott.biz,Pune,Auto,TN91 3028,3.69,733,54517.47
505,Laura Allen,+1-726-312-4802x60530,burnsgabriel@cannon-reynolds.org,Delhi,Bike,TN31 2254,3.63,711,32230.31
506,Kim Lawrence,546-101-4969,baileyjoyce@stewart.biz,Mumbai,Auto,TN29 7234,4.7,971,70729.04
507,Edward Lewis,001-299-800-7674x7577,opatterson@yahoo.com,Kolkata,Bike,TN71 4091,4.61,516,48800.14
508,William Fowler,+1-224-898-0602x7516,simonsara@vasquez-cox.org,Chennai,Auto,TN34 8434,4.19,953,67725.42
509,Michael Taylor,015.641.2644,millerderrick@hotmail.com,Delhi,Auto,TN20 7985,3.57,652,41967.71
510,Morgan Barnes,522-441-8977,cassandra62@hotmail.com,Chennai,Bike,TN16 1750,4.39,535,32919.84
511,Jessica Castro,971-827-6591x609,qdunn@gmail.com,Kolkata,Bike,TN89 9059,4.97,905,76724.68
512,Manuel Knight,(032)080-7228,dunnjennifer@hotmail.com,Bangalore,Auto,TN28 8623,4.56,108,61221.9
513,Lisa Manning,173.444.4252x31800,christiangillespie@gmail.com,Mumbai,Bike,TN96 5250,4.52,91,99733.67
514,Scott Horton,001-401-784-2858x5446,alawson@washington-franco.net,Pune,Auto,TN47 5349,4.16,716,69383.7
515,Nancy Rubio,001-575-205-1593x84869,johnsonmolly@gmail.com,Delhi,Auto,TN12 4997,4.31,274,35549.81
516,Charles Fernandez,+1-633-915-7761x49289,lisa51@yahoo.com,Mumbai,Bike,TN99 7148,4.15,725,76581.05
517,Jennifer Moore,779.488.8489x6833,kevin42@hotmail.com,Pune,Bike,TN66 6006,3.72,557,62579.75
518,Veronica Hayes,1134093057,carmenjenkins@thomas.com,Mumbai,Auto,TN22 1500,4.46,906,33113.18
519,William Atkinson,001-830-503-4161,jeanettejarvis@blake.com,Hyderabad,Bike,TN58 4557,3.78,135,75620.66
520,Jennifer Ramirez,+1-013-718-8264x55456,kimberlyturner@gmail.com,Pune,Auto,TN69 9290,4.93,228,77088.18
521,Lindsay Carson,+1-457-162-5434x2221,nancysmith@hotmail.com,Hyderabad,Auto,TN13 6452,4.4,501,55460.4
522,Matthew Medina,568.784.9722,mwood@castro.com,Mumbai,Auto,TN88 6831,3.86,828,12758.05
523,Roy Crawford,976.528.0431x4498,alexandrasullivan@yahoo.com,Pune,Auto,TN39 5162,4.65,791,54135.93
524,Anthony Roberson,060-921-0857,steinwilliam@adams.com,Chennai,Auto,TN58 8471,3.71,543,63520.55
525,Christopher Schultz,(223)586-4974x90282,lewisthomas@hotmail.com,Bangalore,Bike,TN69 8983,4.25,218,43721.79
526,Debra Miller,212.296.0652,sstone@yahoo.com,Pune,Auto,TN46 4811,4.16,217,84974.74
527,Tina Perry,001-504-922-3198x17812,angelawagner@andrade-ford.biz,Pune,Auto,TN34 5186,3.99,630,75696.03
528,Edward Ramirez,183-864-6014x9728,fwilson@yahoo.com,Mumbai,Bike,TN99 3011,3.67,969,52559.98
529,Brittany Peterson,1741726157,rogersamanda@cochran.com,Delhi,Bike,TN12 9703,4.99,175,75487.09
530,Sharon Mills,001-512-122-7380x331,lgarcia@gmail.com,Bangalore,Auto,TN97 9539,3.94,292,34232.8
531,Jeffery Miller,(433)081-1929x1296,jessefigueroa@hotmail.com,Mumbai,Auto,TN70 6507,4.36,989,36429.25
532,Shawn Jimenez,308.094.1591,derrickevans@yahoo.com,Mumbai,Bike,TN83 8988,4.49,950,99437.56
533,Sarah Hernandez,691.668.7226,qsanders@hotmail.com,Mumbai,Auto,TN89 8656,4.82,327,32493.61
534,Chad Gonzalez,320.834.4635,april93@yahoo.com,Bangalore,Auto,TN10 3587,4.24,572,41829.81
535,Jessica Young,+1-552-844-4540x08932,travis12@reed-sullivan.net,Chennai,Bike,TN64 9202,4.48,627,11569.34
536,Kimberly Reed,(668)329-9387x51389,dgraves@hall-reynolds.com,Pune,Bike,TN89 3033,3.71,470,56325.86
537,Crystal White,018.242.2517x0984,williamanderson@hotmail.com,Pune,Auto,TN44 2148,4.56,81,25435.73
538,Emily Brown,398.337.7758x4997,iknapp@wu.com,Bangalore,Auto,TN56 2679,4.14,250,98003.39
539,Diana Williams,1673880792,brandon72@jackson-shelton.com,Pune,Auto,TN43 6603,4.18,484,46439.26
540,Antonio Mccormick,(328)131-5763,kristin87@gmail.com,Bangalore,Bike,TN24 5120,3.9,53,51133.53
541,David Mullins,+1-741-950-5766x4138,ccarey@brown.org,Kolkata,Auto,TN83 5935,4.32,367,18439.06
542,Jason Wilson,(648)463-3907,iyoder@yahoo.com,Kolkata,Auto,TN24 7485,4.36,970,11886.16
543,Amy Rodriguez,(561)289-0327,tonyawall@hotmail.com,Pune,Auto,TN18 4362,4.13,163,35284.36
544,Brian Dunn,001-162-107-0222x7596,lauriehicks@lynch.com,Delhi,Auto,TN77 7273,3.62,426,41511.65
545,Lisa Ramos,(311)344-2216,brenda32@gmail.com,Chennai,Bike,TN29 2628,3.81,519,10231.12
546,Aaron Warren,5745990593,nmontoya@yahoo.com,Pune,Bike,TN15 3477,3.85,574,42577.04
547,David Moreno,114.915.8149,elizabeth31@hotmail.com,Kolkata,Auto,TN43 9052,4.24,776,42458.66
548,Brian Braun,001-024-020-6166x20659,phillipsmatthew@blevins.net,Hyderabad,Bike,TN60 2437,3.74,107,10540.11
549,Richard Berg,+1-656-644-6599x166,cvargas@hotmail.com,Pune,Bike,TN34 4830,4.03,519,49022.14
550,Stephanie Brown,124.032.5938x842,melissamorales@meyers-fox.com,Kolkata,Auto,TN92 1218,4.63,940,47509.52
551,Amanda Mclean,(177)095-4678,justin58@hotmail.com,Bangalore,Bike,TN64 8775,3.92,449,34126.73
552,Brian Oliver,592.444.6741x0767,hwhite@olson.com,Bangalore,Bike,TN93 4690,3.58,51,26892.58
553,Sean Walker,040.991.8293x54081,varnold@russell.com,Delhi,Auto,TN82 6365,4.87,506,58447.23
554,Brad Mason,005-726-1753,elizabeth50@bowers-reeves.info,Chennai,Bike,TN85 8097,3.83,710,48545.27
555,Shawn Schultz,001-430-972-3996x62246,allison42@hotmail.com,Chennai,Bike,TN43 5259,3.63,481,22404.9
556,Samuel Castro,(088)286-3172x03997,megangonzalez@hotmail.com,Pune,Bike,TN27 4532,4.49,297,47969.99
557,Theresa Morse,558.584.8291x391,michaelhernandez@benson-mccoy.biz,Mumbai,Auto,TN76 3551,4.21,489,35659.22
558,Nicholas Morales,037-030-0644x169,keyjoel@hotmail.com,Kolkata,Bike,TN59 4508,3.55,378,39019.38
559,Adrian Lowery,001-484-456-5253x12544,jenkinspaul@yahoo.com,Chennai,Bike,TN74 3489,3.8,191,95116.67
560,Theresa Lee,001-168-338-0131x01257,kristine75@gmail.com,Chennai,Auto,TN88 1723,4.98,131,14315.67
561,Elizabeth Baker,590.603.9993x906,dennis72@yahoo.com,Hyderabad,Bike,TN96 5578,4.34,216,61154
562,Andrew Henry,470-830-4971,veronica20@summers.net,Delhi,Bike,TN80 4093,4.04,885,49008.22
563,Brian Martinez,227-250-4852,pperez@gonzalez.info,Hyderabad,Bike,TN60 5054,4.66,573,74912.68
564,Amy Francis MD,+1-162-890-7865x0194,wallerzachary@ramsey.com,Pune,Auto,TN99 6753,4.93,169,57526.59
565,Monica Haynes,(473)898-3941x6889,kristierice@hanna-garcia.com,Pune,Auto,TN61 1897,3.53,119,61109.61
566,Peter Bowen,(785)468-9902x5158,melanie34@george-perez.com,Delhi,Bike,TN77 2183,4.1,513,11326.94
567,Michele Mann,299-402-8698x7912,graylori@yahoo.com,Kolkata,Bike,TN35 9615,4.46,711,10209.61
568,Amanda Andrade,099-337-3221,markyoder@bender.net,Delhi,Bike,TN28 6223,4.89,437,88310.89
569,Patricia Anderson,(991)530-1562x16657,bsmith@alexander.info,Kolkata,Auto,TN60 2790,4.06,197,64643.08
570,Christine Maddox,(757)262-4928x80641,thomasbaker@zimmerman.com,Bangalore,Auto,TN88 7151,4.29,888,18522.31
571,Lori Smith,634.033.3678x496,simpsonkim@gmail.com,Chennai,Bike,TN93 2738,4.25,219,50163.05
572,Sarah Lopez,(907)373-0653,gspencer@white-martinez.com,Bangalore,Bike,TN11 7438,4.46,630,96411.54
573,Jackie Summers,(847)701-9303x084,jasonmorrow@hopkins.com,Mumbai,Auto,TN27 2943,4.8,266,18829.36
574,Vicki Wang,356.710.3142x86265,smcdaniel@hotmail.com,Mumbai,Bike,TN43 3885,3.66,100,67740.87
575,Francisco Orr,(993)335-8779x1997,gatescarlos@gmail.com,Kolkata,Bike,TN35 3980,4.13,548,19308.09
576,Stephen Stevens,(021)582-2816,chasekristen@hotmail.com,Kolkata,Auto,TN98 8263,4.53,754,84655.13
577,Frank Mckay,+1-390-197-6040x11492,michael48@rodgers-cummings.com,Chennai,Auto,TN51 4929,3.97,345,65150.12
578,Scott Stout,(081)486-7222x239,clarktara@booth-clark.com,Chennai,Bike,TN77 2271,3.8,541,57859.43
579,Brandon Carlson,(960)591-4055,acruz@hotmail.com,Mumbai,Bike,TN57 6998,4.28,170,92162.31
580,Aaron Hopkins,(989)379-3499,gbyrd@stanley.info,Chennai,Auto,TN93 8930,4.01,419,95237.46
581,Robert Johnson,760-201-8866x16942,mollysmall@gmail.com,Delhi,Auto,TN40 7378,3.73,251,19837.08
582,Russell Young,+1-274-736-9972x378,kaylacervantes@johnson-crosby.com,Mumbai,Bike,TN92 9838,3.95,83,86366.56
583,Stacey Sweeney,001-428-477-2044,jamesgardner@gmail.com,Delhi,Auto,TN85 9094,4.21,235,78884
584,Hannah Gonzalez,410-444-2986,dprice@gmail.com,Delhi,Bike,TN86 6109,3.9,226,29095.76
585,Jacob Lane,001-727-955-8302x5556,victoriaburgess@ford.biz,Bangalore,Auto,TN38 8851,4.15,725,98774.57
586,Samantha Bullock,700.729.1975x423,egreen@hotmail.com,Delhi,Auto,TN86 1908,4.17,867,42637.76
587,Jennifer Garrison,(935)796-1560x39518,joegrant@yahoo.com,Mumbai,Auto,TN68 9391,4.42,843,57345.9
588,Derrick Arellano,167-442-3070,bensonemily@hatfield.org,Delhi,Bike,TN50 5807,3.91,944,80499.72
589,Stephanie Snow,167.177.7520,rhodesjennifer@morgan.net,Kolkata,Auto,TN45 9300,4.17,90,53061.55
590,Maria Baker,001-017-186-0351x45724,ppena@adams.com,Bangalore,Auto,TN20 2834,3.65,457,79890.46
591,Nicole Bell,(591)299-4656x708,michaelkelly@rodriguez-lee.biz,Bangalore,Bike,TN37 9299,3.61,935,51625.33
592,Kimberly Hendrix,7708695494,hannahmeadows@white-navarro.com,Bangalore,Auto,TN38 7623,3.82,291,66156.25
593,Nicole Clark,(443)669-7214x9013,sharonellis@morrow-griffin.com,Bangalore,Auto,TN85 6787,4.11,873,75147.67
594,Thomas Francis,(986)699-8707x130,gregorygonzalez@gmail.com,Pune,Auto,TN35 9826,4.53,624,38736.86
595,Ashley Jennings,001-457-352-0655,christopher00@yahoo.com,Bangalore,Auto,TN66 6091,4.98,178,97867.56
596,Patrick Turner,(319)509-6551x013,karen27@hotmail.com,Pune,Auto,TN31 5720,3.82,974,35764.64
597,Stephanie Mckenzie,090.905.6997x30332,wthompson@dean.info,Bangalore,Auto,TN42 6691,4.09,458,47861.59
598,Daniel Cooper,001-348-931-4327,robertjackson@hotmail.com,Mumbai,Bike,TN74 8701,4.48,803,13458.68
599,Kevin Randolph,(215)520-2379,bradleyleonard@guzman-blackwell.com,Mumbai,Bike,TN12 4839,4.03,438,41294.52
600,Mary Vazquez,+1-098-269-5157x5202,robertgraham@yahoo.com,Mumbai,Auto,TN40 6569,4.34,64,26745.21
601,Mr. Albert Brown,(766)235-4147,hernandezbrittany@matthews-lewis.com,Chennai,Bike,TN85 2342,4.45,982,60885.86
602,Andrew Wilcox,001-974-089-7785x790,hking@gmail.com,Hyderabad,Bike,TN66 4010,4.51,362,78948.99
603,Olivia Johnston,001-064-338-7418x945,ypayne@yahoo.com,Pune,Auto,TN78 8485,4.85,243,8254.88
604,Christopher Scott,(230)699-8046x188,ydelgado@hotmail.com,Mumbai,Auto,TN15 7207,3.75,838,77020.64
605,Martin Peterson,+1-270-842-2497x08075,brian65@brown.net,Hyderabad,Auto,TN93 6027,3.65,968,51587.78
606,Mary Miller,512-452-9004x3462,shawn21@alexander.com,Kolkata,Auto,TN95 7665,3.96,329,77678.3
607,Cassandra Jones,5891102375,michaeljohnson@mcknight.net,Chennai,Bike,TN40 4507,4.51,457,28285.81
608,Cynthia Bradley,001-291-492-8392x9039,nelsonjeremy@jones-knapp.info,Delhi,Auto,TN14 3864,4.65,764,7464.38
609,James Doyle,2856701874,zjohnson@yahoo.com,Chennai,Bike,TN91 7567,4.28,86,67671.92
610,Kristina King,039-885-2823,traciprice@kelly.com,Bangalore,Bike,TN60 2357,4.98,446,33178.99
611,Shane Lopez,+1-114-457-0594,jessicarowe@yahoo.com,Hyderabad,Bike,TN98 7987,4.17,167,60011.13
612,Andrea Rasmussen,001-051-376-0483,rshelton@brooks.info,Chennai,Auto,TN67 2409,4.66,848,23685.51
613,David Cannon,(790)110-9579x36498,johnharrison@gmail.com,Mumbai,Auto,TN76 7398,4.01,102,89456.49
614,Julie Mitchell,001-423-784-4762,gavincox@yahoo.com,Delhi,Auto,TN24 8624,4.05,153,68645.42
615,William Fisher,(575)744-7684x41180,kennethvasquez@mercado-larsen.com,Hyderabad,Auto,TN50 3012,4.26,388,53207.69
616,Shane Price,001-996-726-6097x4776,wbarber@gordon.info,Mumbai,Auto,TN34 1254,4.16,608,60570.69
617,Tiffany Adams,001-169-435-3240x197,sarawalker@yahoo.com,Bangalore,Bike,TN94 8122,3.71,445,71576.39
618,Gloria Jones,025.162.6292x2033,cunninghamtyler@porter.com,Pune,Auto,TN43 2175,4.28,768,40486.1
619,Andrew Gallagher,001-748-625-7596x705,kthompson@aguilar.com,Kolkata,Bike,TN95 5063,4.85,438,96094.49
620,Brittany Johnson,208-694-6111x27704,nsherman@hotmail.com,Kolkata,Auto,TN59 8176,3.56,876,14806.62
621,Judy Sims,+1-256-438-2046x541,heathjustin@koch.com,Hyderabad,Bike,TN28 9047,3.76,787,67159.85
622,Jacqueline Nolan,001-780-117-5550x447,whitecourtney@hotmail.com,Kolkata,Auto,TN98 6422,3.62,126,85998.21
623,Anna Flores,639-161-6751x433,vanessa87@bass-jones.com,Chennai,Bike,TN11 5911,4.57,110,35386.09
624,Randall Carpenter,4282995510,hartmanchristopher@gmail.com,Kolkata,Auto,TN71 6030,3.68,437,78171.46
625,Wendy Martin,456.805.2982,mdavis@yahoo.com,Bangalore,Bike,TN23 8209,3.96,63,29573.1
626,Marissa Thompson,253.456.5716x3614,timothy64@brown.net,Delhi,Bike,TN45 2762,4.2,846,30511.28
627,David Jimenez,818-430-5698x7768,natalie80@hotmail.com,Delhi,Bike,TN45 7674,4.87,747,20562.61
628,Dakota Williams,(302)425-8425,lsaunders@diaz.com,Chennai,Bike,TN29 6361,3.61,144,90317.36
629,William Payne,+1-846-214-1649,olopez@mendoza-alvarado.org,Kolkata,Bike,TN62 3582,3.89,982,37369.26
630,Jonathan Coffey,001-789-745-0389x007,jmiles@campbell.com,Mumbai,Bike,TN89 8367,3.63,727,80546.23
631,Maria Miller,201-072-3298x857,lauren02@charles.com,Chennai,Auto,TN15 3557,4.44,582,66132.75
632,Angela Williams,+1-156-529-1074x953,yvonnewilson@yahoo.com,Mumbai,Bike,TN13 2161,3.85,451,61159.21
633,Nicole Parker,+1-552-742-5550,crawfordamy@berry.net,Pune,Auto,TN58 3465,3.56,610,11736.22
634,Amy Rivera,001-161-417-9757x97987,mbrown@yahoo.com,Hyderabad,Bike,TN35 9981,4.34,182,81092.49
635,Jay Allen,(576)496-0393x2839,bbartlett@hotmail.com,Delhi,Bike,TN73 4342,5,305,35766.28
636,Robert Carr,(635)139-1162,hayesmark@smith.org,Hyderabad,Auto,TN20 1249,4.97,156,74617.53
637,Gloria Hill,643-429-7779x08562,zpatterson@wilkins.com,Pune,Auto,TN22 4585,3.78,421,11477.82
638,Steven Peters,001-576-995-1423x766,tkelly@bailey-pena.com,Pune,Bike,TN37 9509,3.73,183,23261.49
639,Jerry Gibson,+1-926-874-2275x9236,harroyo@hotmail.com,Chennai,Bike,TN49 9676,3.51,514,15090.54
640,Jessica Henderson,4023558851,dsmith@dixon-davis.com,Delhi,Auto,TN17 5546,3.72,980,87338
641,Mary Johnson,001-808-185-2557x67653,johnmoore@yahoo.com,Pune,Auto,TN81 3802,3.67,326,31931.5
642,Brianna Morales,+1-529-592-7089x988,tylercollins@ortiz-martinez.com,Bangalore,Bike,TN51 9331,3.82,607,27361.4
643,Tammy Ryan,+1-214-101-3729x713,jason46@hotmail.com,Mumbai,Auto,TN10 1409,4.19,102,19940.3
644,Aimee Adams,149-294-3802,pvillarreal@floyd.com,Delhi,Auto,TN49 2160,3.7,971,67067.58
645,Gary Bailey,+1-988-308-0683,ianpowell@yahoo.com,Kolkata,Bike,TN33 9247,4.82,801,21353.99
646,Tamara Martin,817-194-0611,gibsonamy@hotmail.com,Mumbai,Bike,TN97 7440,3.92,709,82518.83
647,Gregory Nelson,001-195-891-6116,carterrobert@yahoo.com,Chennai,Auto,TN52 1797,3.85,657,51651.5
648,Theresa Gonzalez,(318)087-8575x1743,ifletcher@hotmail.com,Hyderabad,Auto,TN58 3988,4.41,372,81523.49
649,Christine Johnson,447.217.3296x73284,hthomas@decker.info,Bangalore,Bike,TN78 7852,4.02,562,47718.06
650,Christopher Hunter,010-164-6352,mary42@ramos.com,Delhi,Auto,TN75 1027,4.32,308,93004.73
651,Zoe Peterson,001-186-851-2128,michaelsnyder@fernandez-elliott.com,Hyderabad,Bike,TN20 9633,4.28,927,22660
652,Kelly Scott,239.257.6966x6281,vherrera@yahoo.com,Kolkata,Auto,TN61 9419,4.22,131,9175.08
653,Rodney Powers,001-751-511-4981x345,jesus07@hotmail.com,Chennai,Auto,TN34 9422,3.9,589,9629.91
654,Linda Hughes,925.234.1945x2089,oadkins@fernandez-jordan.com,Hyderabad,Auto,TN16 4560,4.53,170,97394.53
655,Janice Neal MD,(470)757-3861x190,johnnywilliams@yahoo.com,Bangalore,Bike,TN53 8504,3.56,985,21462.13
656,Geoffrey Washington,001-149-631-9091x4257,hickscheryl@hotmail.com,Pune,Auto,TN54 1797,4.33,275,61118.33
657,Heather Williams,001-070-382-6949x017,maria06@gmail.com,Chennai,Auto,TN54 5446,3.87,196,31686.17
658,John Riley,745.992.6601,iwarren@gmail.com,Mumbai,Bike,TN60 6258,3.75,764,22389.24
659,Diane Lewis,450-363-4252x6641,amberbarton@ruiz-salinas.com,Mumbai,Auto,TN44 8989,3.76,319,43074.42
660,Claire Perez,(179)311-9225,jamescooper@white-martinez.org,Pune,Bike,TN19 2380,4.85,112,51631.03
661,Victor Anderson,001-703-523-8345x965,finleygavin@howell.com,Delhi,Auto,TN78 1410,3.58,587,40773.04
662,Stephanie Jacobs,859.635.6139x326,wnguyen@yahoo.com,Chennai,Bike,TN13 7879,3.65,568,86678.27
663,Lacey Wright,443-575-9771,aarnold@ray.net,Kolkata,Bike,TN30 4105,3.51,238,42177.12
664,Natasha Jackson,+1-753-553-6607x505,qperry@lowery.biz,Chennai,Bike,TN98 5352,3.78,425,90485.79
665,April Thompson,803-552-6818,martinezdiana@hotmail.com,Bangalore,Auto,TN70 4347,4.54,182,7082.73
666,Julia Harmon,(090)468-9747x0152,debra98@martinez.org,Hyderabad,Auto,TN72 5983,4.34,407,14811.4
667,Elizabeth Ruiz,+1-602-655-9786x152,matthewfoster@yahoo.com,Chennai,Auto,TN89 4955,4.43,874,16605.86
668,Catherine Morris PhD,148.478.3558x2687,hdominguez@yahoo.com,Delhi,Auto,TN19 9539,4.98,569,88212.98
669,Melissa Carr,(319)037-5625x2695,david34@hotmail.com,Delhi,Bike,TN89 7569,3.73,228,12617.95
670,Glenda Mccann,590.280.6891x582,diana27@gmail.com,Mumbai,Bike,TN95 4313,4.66,827,60884.73
671,Wendy Howe,551.217.1551x622,xjohnson@nelson-rush.info,Mumbai,Auto,TN49 6706,3.95,950,46290.4
672,Grant Frank,(533)058-8166,twilliams@yahoo.com,Hyderabad,Bike,TN94 8165,4.86,598,5417.76
673,Jennifer Martinez,001-937-805-8230x7628,stevenfuller@yahoo.com,Hyderabad,Auto,TN25 5595,3.83,428,84457.55
674,Lisa Giles,001-116-517-7066,shenry@roberts.com,Bangalore,Bike,TN11 3213,4.06,503,25395.56
675,Andrea Miller,0945767802,stephenhull@yahoo.com,Mumbai,Bike,TN74 2723,3.99,752,86157.76
676,Jennifer Mcgee,509.639.9836x122,nathan95@yahoo.com,Hyderabad,Auto,TN66 1513,4.61,665,88241.51
677,Brandon Jefferson,189-305-5443x27070,amberhenderson@yahoo.com,Hyderabad,Bike,TN37 7347,4.98,317,37318.71
678,Olivia Sanchez,3644240315,bashley@smith-yang.net,Delhi,Auto,TN37 6417,3.59,199,33609.57
679,Timothy Waller,080-280-0506x4581,paynediane@ellis.com,Chennai,Auto,TN31 1091,4.85,220,32102.07
680,Eric Wallace,+1-903-742-0301,hensonerika@franklin.com,Hyderabad,Bike,TN57 2848,4.81,996,87843.42
681,Luke Hall,539.688.8833x14350,corey32@yahoo.com,Mumbai,Auto,TN30 1043,4.28,310,68683.31
682,Cynthia Baker,040-400-3728x7001,elizabeth43@brown-figueroa.com,Pune,Bike,TN32 7623,3.71,787,94619.83
683,Jennifer Powers,(179)165-1049,carterjames@yahoo.com,Bangalore,Auto,TN41 2983,3.86,542,5465.27
684,Matthew Parker,526.467.9398x7456,jason28@hotmail.com,Mumbai,Bike,TN58 5647,4.16,913,84609.14
685,Wayne Rose,612-863-3673x8049,ihoffman@gmail.com,Hyderabad,Auto,TN56 8695,4.72,293,67756.45
686,Kayla Rice,+1-744-214-9884,diaztheresa@sandoval.com,Hyderabad,Auto,TN64 9244,3.89,584,9867.62
687,Jackson Manning,968.398.6747x87720,matthewsalinas@chen-hammond.biz,Mumbai,Bike,TN83 7629,4.61,626,84256.67
688,Joseph Walker,414.534.3936x14223,david23@yahoo.com,Hyderabad,Auto,TN13 5656,4.21,536,51277.93
689,Alexis Schwartz,001-581-587-0869,xthomas@yahoo.com,Pune,Auto,TN47 1895,4.55,820,93578.72
690,Robin Smith,001-599-549-2157x43378,qford@richards.com,Bangalore,Auto,TN12 8929,4.25,670,74174.45
691,Kathy West,+1-901-503-1741,davidjohnson@hotmail.com,Kolkata,Bike,TN15 5710,4.8,346,87971.41
692,Sarah Griffin,5222891797,robert87@hotmail.com,Delhi,Bike,TN53 1304,4.03,861,74928.21
693,Fernando Johnson,001-915-747-2636x88958,gregorykennedy@hotmail.com,Pune,Auto,TN82 9402,4.05,508,12392.25
694,Timothy Waters,527-823-7546x9832,shortashley@kelly.com,Delhi,Auto,TN76 8288,3.58,95,31437.47
695,Sherry Kline,+1-711-610-7935x960,wagnermiguel@gmail.com,Chennai,Auto,TN56 1668,4.75,62,70597.54
696,Matthew Cortez,(959)957-8230,ashleybenjamin@torres.com,Hyderabad,Bike,TN45 7562,4.22,252,93031.52
697,Douglas Hill,(448)635-6884x636,corey28@hotmail.com,Kolkata,Auto,TN37 9576,4.01,182,65908.09
698,Christine Russo,001-164-378-7048,stewartedward@stewart-bauer.biz,Chennai,Bike,TN47 1206,3.75,837,13372.08
699,Lori Mccarty,001-323-762-4535x2954,dgomez@yahoo.com,Pune,Auto,TN18 8205,4.32,966,70815.97
700,Andrew Butler,3364518041,schwartzjoe@cameron.com,Pune,Bike,TN60 6300,4.41,989,7686.98
701,Carrie House,001-572-597-0175x4327,burkejasmine@hotmail.com,Bangalore,Bike,TN61 1529,4.86,206,69593.06
702,Marc Nelson,405.415.1749x5201,brittneyallen@hotmail.com,Bangalore,Auto,TN13 4765,4.65,216,46239.36
703,Cynthia Curry,(810)562-6157x8507,kellyreynolds@lopez.info,Bangalore,Auto,TN75 7604,3.72,522,37907.6
704,Tonya Collins,+1-933-048-0115x59536,christophercross@diaz.net,Mumbai,Bike,TN25 7941,4.51,790,82246.12
705,Amanda Ward,(547)390-2256x3851,joshuareed@yahoo.com,Hyderabad,Bike,TN21 7842,3.55,477,61145.72
706,Christina Key,642.824.7351x19722,walkerkara@yahoo.com,Chennai,Auto,TN53 4409,4.46,386,84863.33
707,Mr. Juan Lopez MD,218-336-7744x86014,elizabeth99@mcneil.info,Mumbai,Bike,TN98 2157,4.95,247,21394.89
708,Ashley Jones,669-902-9906,uflores@ramos.biz,Kolkata,Bike,TN35 7289,4.15,265,77506.33
709,Susan Thomas DVM,001-600-273-6177x4822,perezkayla@phillips.com,Hyderabad,Bike,TN27 5321,4.62,67,83295.98
710,Robert Leonard,001-710-048-4230x359,qsalinas@hotmail.com,Chennai,Bike,TN13 5832,4.28,940,51267.37
711,James Fisher,311.136.8596,josephdean@bolton.com,Bangalore,Bike,TN80 7693,4.65,866,52756.95
712,Melissa Allen,8375426733,daniel91@benjamin.com,Bangalore,Bike,TN95 5016,4.47,492,16165.62
713,Jessica Perry,464.145.6754x41259,philip23@gmail.com,Kolkata,Auto,TN38 8838,3.66,817,73870.8
714,Scott Hernandez,(701)771-9042,mcintoshamy@hotmail.com,Pune,Bike,TN85 8264,4.35,681,14305.93
715,Amy Ross,+1-022-458-7266,dunlapgary@yahoo.com,Hyderabad,Bike,TN15 9943,4.07,611,19734.74
716,Thomas Schultz,(519)522-4966x519,maureen39@young-myers.com,Chennai,Auto,TN63 2241,4.99,852,45627.95
717,Marcus Davis,+1-834-302-3226x353,johnochoa@rojas.com,Bangalore,Bike,TN26 6341,3.54,159,13389.87
718,Anthony Williams,001-634-211-8251x193,hardydavid@gmail.com,Bangalore,Auto,TN34 9266,4.2,352,19326.34
719,Jimmy Lee,+1-086-976-5445,christopherjackson@gmail.com,Bangalore,Bike,TN76 5762,4.67,869,31394.82
720,Laura Murray,001-124-990-4976x52112,xcampbell@church-kelly.net,Hyderabad,Auto,TN28 4459,4.81,317,6601.2
721,Christopher Smith,854.997.1020x4155,ortizjulie@olson.com,Chennai,Bike,TN38 3689,4.39,341,76695.22
722,Robert Sanchez,319-447-8426x81867,bethvazquez@gmail.com,Mumbai,Bike,TN24 3359,4.34,499,10807.39
723,Nathan Beck,488.281.3307x70788,holmesjohnny@hotmail.com,Bangalore,Auto,TN15 1100,4.54,102,40338.18
724,Gloria Hodge,+1-407-967-6313,michaelcarter@johnson-white.com,Chennai,Bike,TN14 1384,4.66,613,83648.55
725,Brian Ferguson,535-782-1682x2894,joshua06@gmail.com,Bangalore,Bike,TN95 8349,3.76,558,69634.44
726,Justin Smith,624-053-0438,meganrobinson@copeland.com,Pune,Auto,TN46 9148,4.36,867,91666.96
727,Chelsea Smith,+1-356-700-2887x123,otaylor@ponce.org,Kolkata,Bike,TN89 6574,4.98,365,82764.11
728,Andrew Michael,979.733.0412x08354,coopernatasha@spears.com,Chennai,Auto,TN89 5815,3.59,465,66771.65
729,Dylan Long,420-905-2696x5355,amyberry@gmail.com,Chennai,Bike,TN61 3354,4.48,374,35610.98
730,Katherine Sherman,173-163-3819x840,jennifer05@hotmail.com,Bangalore,Auto,TN83 1535,4.96,430,67193.74
731,Tracy Martinez,001-398-386-1425,mcdanielrobert@hotmail.com,Kolkata,Bike,TN42 7807,4.11,357,37055.9
732,Brandy Young,3346791484,gregory03@ramsey-stevens.org,Kolkata,Bike,TN77 5714,4.83,382,81438.52
733,Gina Poole,(952)494-0493x966,douglas32@hotmail.com,Pune,Auto,TN90 8568,4.13,396,71109.02
734,Jason Kent,001-563-329-9661,smays@yahoo.com,Bangalore,Bike,TN52 5880,3.83,663,74192.51
735,Jessica Douglas,517-848-3370x04245,dianegutierrez@yahoo.com,Delhi,Auto,TN26 3758,4.91,835,79001.25
736,James Anderson,566-478-7764,nathan18@james-williams.net,Pune,Auto,TN25 6651,4.23,101,23760.49
737,Donna Cohen,+1-531-575-8672x79305,davidellis@hughes.biz,Hyderabad,Auto,TN15 6030,4.38,839,61447.3
738,Brian Curry,001-185-122-7542x95791,medinaamanda@jefferson.biz,Mumbai,Auto,TN56 4303,3.98,554,88667.64
739,Kevin Thompson,001-505-073-7783x3727,zroberts@cook.com,Pune,Auto,TN43 7455,4.13,971,65611.31
740,Michael Thompson,178.121.1347x0731,kjones@howard.com,Bangalore,Auto,TN27 3829,4.41,535,74061.76
741,Kendra Leon,+1-822-662-0833x57033,vsmith@hotmail.com,Chennai,Bike,TN33 8828,4.42,229,64111.5
742,Gina Jones,208.758.4317,andersondavid@hotmail.com,Pune,Auto,TN74 5536,3.93,519,94482.63
743,Alexis Alvarado,001-933-640-2538x42677,linda90@martin.info,Pune,Auto,TN19 5951,4.03,568,7131.54
744,Brandon Thomas,+1-798-997-5108x66617,michelle66@harris.com,Bangalore,Bike,TN12 9528,4.78,784,58042.98
745,Brenda Martinez,442-900-7865x643,gregorymichael@simmons-french.com,Bangalore,Bike,TN91 7169,4.65,898,9045.46
746,Jasmine Pham,001-672-799-6720x6325,nicholas12@chen-flores.org,Bangalore,Auto,TN93 2692,4.91,852,53320.7
747,Angelica Zhang,001-118-535-8289x7841,epoole@holmes-phillips.com,Bangalore,Bike,TN72 8589,4.35,942,76349.55
748,Faith James,+1-087-359-7675,pearsonmarie@washington.com,Kolkata,Bike,TN49 9992,3.8,783,6480.79
749,Barbara Jones,(584)404-7593x55177,brenda92@mason-martinez.com,Kolkata,Auto,TN55 2063,3.54,551,89508.81
750,Don Kelly,(895)572-3962,changmichelle@gmail.com,Mumbai,Bike,TN25 4823,4.06,365,21352.6
751,Alexandra Johnson,2898533429,woodardsharon@jacobs.com,Pune,Bike,TN84 3950,4.94,751,67518.67
752,Joseph Hill,(645)806-9814x592,chenangela@mclaughlin.info,Hyderabad,Bike,TN98 7520,4.05,273,57572.53
753,Jessica Hull,622.325.6774,ldavis@blake.info,Chennai,Bike,TN55 9551,3.97,697,15231.48
754,Joshua Brown,789.265.9868,danastephens@yahoo.com,Chennai,Bike,TN28 2834,4.03,962,20433.99
755,Becky Wright,817-202-5432,qlewis@williams.com,Delhi,Bike,TN91 4687,4.67,518,71516.84
756,Sara Duarte,(920)041-7985,roger12@foster.com,Hyderabad,Bike,TN47 6162,4.6,713,65693.43
757,Tracy Conley,001-587-731-7143x063,richardsonfrancis@yahoo.com,Pune,Auto,TN29 4001,4.78,408,65740.07
758,Nicole Hall,001-297-439-4521x83160,ogonzalez@walker.com,Chennai,Bike,TN53 4213,4.18,631,56182.65
759,Zachary Holt,672.888.1131x2921,smithshawna@pollard-walker.com,Bangalore,Auto,TN59 1741,4.65,663,10935.87
760,Kathy Wilson,238-713-1546x6827,kferguson@booker-anderson.com,Hyderabad,Bike,TN79 2164,4.5,283,34910.51
761,Marc Rivera,+1-592-339-1072x3147,kcooper@hotmail.com,Kolkata,Bike,TN54 9566,4.87,542,37861.63
762,Carla Pittman,686-351-8430x732,deanna29@jackson.com,Mumbai,Auto,TN24 1595,3.66,89,50297.14
763,Savannah Phillips,362.169.1625,shelleywashington@yahoo.com,Pune,Auto,TN12 3067,3.54,146,18441.65
764,Amanda Gonzalez,937.693.0185x0811,khernandez@jensen.com,Delhi,Auto,TN37 3158,4,912,62149.39
765,Elizabeth Frye,243-836-0948x9442,catherine28@yahoo.com,Hyderabad,Bike,TN25 5433,3.8,918,8130.92
766,John Wilson,+1-353-923-1693x202,gwu@yahoo.com,Mumbai,Bike,TN15 7155,4.49,140,31032.5
767,Teresa Garcia,321.710.3625x80620,wblack@bond.com,Kolkata,Bike,TN55 7741,3.9,472,19661.61
768,Tammy Martinez,001-671-219-2780,mariah39@gmail.com,Chennai,Auto,TN84 6080,3.97,401,19250.56
769,Cassandra Miller,748-116-7038x84533,jennifersmith@lopez.com,Hyderabad,Auto,TN77 1082,3.72,734,70832.21
770,Melissa Myers,(160)170-8939x1588,jorgeblackwell@moore.com,Pune,Bike,TN70 4228,3.79,574,14552.43
771,Wesley Chavez,(551)835-0298,laurencannon@hotmail.com,Pune,Auto,TN19 5750,4.98,430,61486.35
772,Heather Hughes,308-087-9466x279,gregory99@bowman.com,Bangalore,Bike,TN28 6202,3.51,373,74711.98
773,Elizabeth Garcia,801.596.7810x461,tcastaneda@gmail.com,Bangalore,Bike,TN31 5134,4.8,381,54489.84
774,Pamela Johnson,(355)722-4512x582,pmontoya@robertson-fleming.org,Hyderabad,Auto,TN53 4744,4.7,176,24350.2
775,Brenda Jones,649.681.8124x45692,victortorres@randall-riley.com,Pune,Auto,TN11 7572,4.75,586,11255.29
776,Carolyn Johnson,420.729.8098,toddbaker@yahoo.com,Chennai,Bike,TN55 3106,3.73,370,54771.18
777,Faith Wilson,6560863143,larry92@rodriguez-haney.biz,Kolkata,Bike,TN69 2722,4.72,428,54412.26
778,Justin Patel,398-443-3350x2738,robertbrown@gilbert-anderson.com,Pune,Auto,TN65 7847,4.57,230,18270.64
779,Jessica Berry,+1-951-377-4455x85065,reidpatrick@hotmail.com,Mumbai,Bike,TN96 1270,4.98,357,32559.47
780,John Jones,+1-128-209-8249x921,umarshall@yahoo.com,Kolkata,Auto,TN26 8194,4.55,147,57537.5
781,Emma Wright,+1-208-879-8601,leesandy@gmail.com,Delhi,Bike,TN27 7224,4.06,159,10554.65
782,Lauren Williams,(186)818-8670x5186,timothyscott@hotmail.com,Mumbai,Auto,TN45 7710,4.15,520,78408.37
783,Troy Molina,(828)749-4169x7635,austin82@yahoo.com,Hyderabad,Auto,TN22 6358,4.18,775,8144.11
784,Victoria Medina,602.214.8864x577,natalie47@gmail.com,Pune,Auto,TN76 5301,3.77,947,19451.56
785,Nancy Anderson,879.814.2931x433,teresalozano@hotmail.com,Hyderabad,Bike,TN84 1374,4.29,212,7001.65
786,Katherine Johnson,001-280-741-7245,lawrencecastillo@king-anderson.net,Hyderabad,Bike,TN60 6618,4.63,730,8904.02
787,Christopher Gibson DDS,7475511354,chenwalter@rivera-johnson.info,Chennai,Auto,TN25 7370,3.62,214,75605.45
788,Charles Douglas,+1-293-929-7905x18591,zwhite@lamb.net,Delhi,Auto,TN85 3132,3.96,318,69977.32
789,Seth Jones,+1-756-210-2265x602,paynechelsea@hotmail.com,Hyderabad,Bike,TN27 3542,3.54,189,21471.34
790,Steven Mendez,141-145-9759,fbrooks@gmail.com,Kolkata,Auto,TN69 2296,3.82,912,17333.49
791,Linda Anderson,+1-938-524-8416x49337,kellyscott@lynch.net,Pune,Bike,TN32 6844,3.69,425,45952.37
792,Ricky Mcclain,+1-710-840-6556x20669,cruzshawn@gray-cole.com,Delhi,Auto,TN25 5668,4.43,572,74530.14
793,Edward Griffith,+1-549-183-5155x52876,kimberlygonzalez@yahoo.com,Kolkata,Bike,TN63 9461,3.67,86,82079.85
794,Matthew Erickson,666.240.5267x2930,william01@rasmussen.com,Kolkata,Bike,TN74 5074,4.84,967,98367.8
795,April Moreno,(056)492-3260x71490,cnguyen@gaines.com,Mumbai,Auto,TN64 3387,4.83,759,59267.73
796,Rebecca Torres,001-494-058-4210x2689,sullivanjoseph@cunningham.com,Hyderabad,Bike,TN62 7064,4.71,758,87824.72
797,Jeffrey Rojas,+1-240-274-2422x6696,smithrachel@howard.com,Hyderabad,Auto,TN92 5749,3.61,75,65797.43
798,Troy Drake,513.838.8424x224,joshua96@yahoo.com,Pune,Bike,TN16 5476,3.99,666,67676.48
799,John Robertson,398.057.8548,james27@espinoza-hicks.com,Delhi,Auto,TN65 4705,4.13,597,88410.42
800,William Clark,001-927-860-4447x48445,johnandrade@hernandez-olson.com,Chennai,Bike,TN88 6732,4.89,665,6732.82
801,Robert Kent,316.082.3776x427,elainenovak@lyons.net,Delhi,Bike,TN53 5758,4.28,54,26475.67
802,Matthew Irwin,+1-690-334-3783x4281,maria27@hotmail.com,Pune,Auto,TN25 5401,3.66,402,81748.03
803,Chad Martinez,(945)585-7805x859,james23@gmail.com,Hyderabad,Auto,TN66 6887,3.81,703,56735.91
804,Deborah Parker,(908)093-1233,sblevins@yahoo.com,Chennai,Auto,TN62 5140,4.29,592,45360.74
805,Barbara Ellis,871.169.2903,shawnwright@yahoo.com,Chennai,Auto,TN93 4766,3.76,323,25908.6
806,Mr. Victor Morales,491.411.3201,wvalencia@wilson.com,Delhi,Bike,TN40 3965,4.15,847,61820.95
807,Jose Moyer,+1-501-083-5092x321,wernerrebecca@smith.net,Mumbai,Bike,TN69 9770,3.96,427,51040.37
808,Dawn Cain,001-859-918-3558x8525,julie39@yahoo.com,Mumbai,Auto,TN54 3991,4.2,582,61787.34
809,Savannah Potts,(154)363-4573,jwarner@blake.info,Delhi,Bike,TN38 7211,4.52,532,68070.52
810,Christopher Rodriguez,+1-110-980-4385x33514,megan48@hotmail.com,Delhi,Auto,TN70 1539,4.58,121,35895.36
811,Amber Carter,441.081.0065x27993,vsmith@fernandez.org,Bangalore,Auto,TN53 3560,4.33,163,17927.46
812,Cynthia Sanchez,+1-185-491-8369x0688,ctaylor@baxter-lewis.org,Chennai,Bike,TN67 8264,4.41,802,70997
813,Angela Lewis,(972)453-6147x83221,david60@perez.com,Pune,Bike,TN68 9149,3.8,868,72710.29
814,Michelle Nelson,+1-772-090-9518x22549,robertsdaniel@hotmail.com,Pune,Bike,TN79 4181,4.33,687,64853.95
815,Megan Sims,001-732-396-4022,krista40@hotmail.com,Pune,Bike,TN34 9198,4.46,83,60601.11
816,Danielle Shaw,392.612.2465x091,williamvaldez@white.com,Mumbai,Bike,TN77 3629,4.52,853,29381.23
817,John Ford,(042)442-2196,dennis97@mccarthy.com,Mumbai,Auto,TN30 5569,3.74,253,22918.74
818,Keith Robertson,419-975-8757x10507,cory74@vang.net,Bangalore,Bike,TN25 6104,3.94,811,30717.5
819,Richard Williams,+1-587-217-4880x525,james02@gmail.com,Kolkata,Bike,TN54 9272,4.19,650,85698.7
820,Stephen Diaz,0942165757,watkinsjustin@ballard-donaldson.biz,Delhi,Auto,TN20 7432,3.67,164,23032.47
821,Anita Mitchell,(185)607-1319,tranangela@johnson.com,Delhi,Auto,TN46 9029,3.64,490,67346.95
822,Tiffany Vincent,001-047-175-2306x57072,zmason@hotmail.com,Delhi,Auto,TN16 4538,4.4,209,93983.27
823,Joshua Rodriguez,001-656-600-7622x336,lisabeard@jackson-cox.com,Chennai,Auto,TN48 1044,3.8,778,37429.33
824,Steven Smith,864-576-7764,kimgabriela@wade.com,Hyderabad,Bike,TN84 7280,4.03,628,39066.86
825,Terri Carrillo,162-518-3310,malloryhughes@nelson.com,Bangalore,Bike,TN86 7415,4.23,772,90167.44
826,Robin Rojas,972.208.4934x191,todd64@yahoo.com,Delhi,Auto,TN69 3528,4.02,575,16398.84
827,Tiffany Green,+1-910-800-7484x5506,leestephanie@lewis-wilson.org,Pune,Bike,TN74 8747,3.64,332,42073.15
828,Erica Williams,001-662-647-0526x529,anne95@baker-woods.net,Hyderabad,Bike,TN45 6954,4.74,600,72367.2
829,Kimberly Mills,967.985.9257,carl26@hotmail.com,Hyderabad,Auto,TN78 9753,3.58,209,31579.14
830,Rachel Smith,102-424-0526x6903,collinswalter@baker-mullins.org,Hyderabad,Bike,TN92 7761,4.14,613,18926.41
831,Judith Charles,+1-308-242-7386x34831,ninaburgess@evans.com,Pune,Bike,TN69 6167,4.9,660,11926.89
832,Justin Thompson,001-534-646-3408x204,kevin03@hotmail.com,Delhi,Bike,TN75 4940,3.68,446,63874.09
833,Joseph Dalton,345.248.1674,eatonamber@gmail.com,Bangalore,Auto,TN72 9477,4.14,803,57821.98
834,Mr. Michael Best,001-831-858-7242x8166,saraclark@gmail.com,Hyderabad,Auto,TN17 1119,3.78,100,81879.17
835,Stephen Ellis,701-387-4092,moralesheather@parker.org,Delhi,Auto,TN91 4861,3.65,335,7968.75
836,Matthew Padilla,(368)728-6891x44338,annadennis@davis.net,Mumbai,Auto,TN52 3226,3.68,481,65303.47
837,Katelyn Taylor,375-785-9019,allen45@salas-brown.com,Kolkata,Auto,TN76 5733,3.86,77,66994.05
838,Paul Mitchell,(395)592-9492x88976,scottsanchez@harper.com,Hyderabad,Auto,TN26 4195,3.76,263,79118.58
839,Jacqueline Mclean,+1-685-044-9742x97221,todd84@holt.info,Mumbai,Bike,TN84 7154,4.82,326,71919.98
840,Erica Martinez,216.360.0573x844,grant73@gmail.com,Pune,Auto,TN26 8866,4.8,306,58707.94
841,Leslie Rivas,001-261-783-9286x169,qnguyen@johnson.com,Bangalore,Auto,TN18 7150,3.6,157,62766.38
842,Timothy Johnston,4908634676,michelle23@gmail.com,Kolkata,Bike,TN69 1255,4.77,119,68356.6
843,David Newman,001-137-479-0286x66862,christinewong@henderson-bennett.biz,Kolkata,Bike,TN73 1907,3.58,493,38621.58
844,Charles Shea,232.808.2481,michaelblake@brandt.info,Mumbai,Bike,TN34 2569,4.34,698,12270.43
845,Jillian Sloan,392.792.8985,chaneymatthew@hotmail.com,Pune,Bike,TN65 2170,4.26,693,47984.31
846,Charles Petty,(053)289-2700x2776,stantonrita@yahoo.com,Mumbai,Bike,TN78 7749,4.87,193,40441.44
847,Jenny Stafford,268-954-0343x0574,kimberly86@gmail.com,Bangalore,Bike,TN59 2878,4.58,362,98656.42
848,Abigail Parker,(096)942-7636x1546,shelly10@smith.com,Delhi,Bike,TN66 3911,4.93,632,82339.5
849,Alexander Tucker,546-700-5899,martinezkerri@adams.com,Pune,Bike,TN18 8043,4.52,379,95043.35
850,Timothy Walters,001-967-015-5054x530,mowens@schultz.com,Mumbai,Auto,TN51 8874,4.09,222,46457.88
851,Michael Phillips,506.534.6677,whitakerrachael@martin-lopez.com,Mumbai,Bike,TN39 6408,3.9,113,15027.12
852,Katherine Braun,+1-567-128-9658x26214,gmorgan@mayo-anderson.com,Kolkata,Auto,TN15 7963,4.14,53,86216.32
853,Robert Watkins,004.769.8001x1754,vrodriguez@knapp.org,Pune,Auto,TN56 7796,3.96,524,9709.48
854,Sheila Johnson,+1-724-175-8129,tylerpatel@perez.com,Mumbai,Auto,TN54 6820,4.92,452,77783.02
855,Christopher Warren,001-908-472-7411x249,cclark@gmail.com,Delhi,Auto,TN33 3824,4.39,534,84670.88
856,Sean Melendez,3943363693,julia15@anderson.com,Pune,Auto,TN52 4768,4.21,398,42651.92
857,Brett Larsen,(211)612-1600x03137,sue05@harper.info,Chennai,Auto,TN50 8028,4.66,800,73876.75
858,Edward Jones,9838267323,raymond68@ritter.info,Mumbai,Bike,TN76 9661,4.26,197,37832.78
859,Daniel Burton,001-182-614-1213,jacqueline40@daniels-ballard.com,Pune,Bike,TN33 6011,4.79,355,27894.87
860,Brandon Daniels,600.011.2956,angela23@yahoo.com,Chennai,Bike,TN42 7710,4.14,915,34290.93
861,Zachary Harris,+1-878-780-9916x893,morrismichael@gmail.com,Kolkata,Auto,TN49 8587,3.9,202,21179.15
862,Tony Castro,+1-938-961-7928,mwright@hotmail.com,Hyderabad,Auto,TN70 3103,3.94,992,5415.66
863,Andrew Sanchez,1503368011,martintina@yahoo.com,Bangalore,Auto,TN72 5641,4.15,193,21838.17
864,Lauren Ford,699.316.4443,jacquelinehatfield@yahoo.com,Pune,Auto,TN79 6906,3.7,889,18269.24
865,Daniel Sanders,346.198.9658,brandy42@flores.com,Hyderabad,Bike,TN62 7253,3.54,202,68518.26
866,Jill White,642-482-6343x527,destiny51@gmail.com,Chennai,Auto,TN65 8375,4.87,922,44653.52
867,Lee James,+1-737-526-0677x29366,richard68@hotmail.com,Chennai,Bike,TN41 8944,3.98,122,40636.7
868,Jodi Moran,7945869165,xbruce@joyce.com,Pune,Auto,TN49 3002,4.81,538,35602.75
869,Paul Walters,001-775-605-0971x73436,lopezbrandon@price.com,Delhi,Bike,TN99 5333,3.94,930,17344.13
870,Dr. Paul Walker,+1-421-087-1404x4086,silvadaniel@gmail.com,Kolkata,Bike,TN39 8057,3.55,416,40880.15
871,Brenda Reynolds,494.308.8632x8914,edwardsjessica@yahoo.com,Delhi,Bike,TN33 1532,4.78,392,53910.95
872,Frank Golden,001-432-805-3208x49854,jeremymendoza@rosales-diaz.com,Chennai,Auto,TN53 6359,4.97,784,56805.53
873,Deanna Randall,+1-329-097-8656,rmelton@gmail.com,Mumbai,Bike,TN22 8561,4.45,464,29921.26
874,Cory Howell,+1-604-141-4149x86623,robert65@phillips.com,Kolkata,Bike,TN65 8063,3.51,210,94663.67
875,Sergio Stone,(966)750-7238x4075,patrickdouglas@gmail.com,Hyderabad,Bike,TN60 5203,4.34,745,97588.01
876,Tyrone Goodwin,001-578-909-5782x57115,amanda61@franklin.biz,Chennai,Auto,TN76 4847,4.48,527,31794.9
877,Brenda Shepherd,(318)130-4298,crawfordpatricia@ramirez.net,Hyderabad,Auto,TN47 9719,4.94,393,98545.53
878,Desiree Holmes,001-955-687-1962,zgarner@medina.com,Kolkata,Auto,TN69 1544,3.54,383,7865.76
879,Kenneth Lee,(012)976-0094x34553,heathermoore@morales.com,Chennai,Bike,TN40 4861,4.52,959,6426.35
880,David Walker,528-359-3248x594,zprice@phillips.com,Kolkata,Auto,TN54 5582,3.92,207,94606.11
881,Sierra Gomez,+1-495-090-1133x37232,victor34@middleton.com,Bangalore,Bike,TN12 7166,3.54,777,22700.03
882,Jennifer Wilson,001-550-131-6874x244,katherinedavis@rodriguez.com,Hyderabad,Auto,TN11 6161,4.3,601,88620.11
883,Kayla Lewis,+1-248-812-1983x2302,jared04@shaw.net,Delhi,Auto,TN64 9122,3.9,575,9224.08
884,Ryan Norman,+1-215-083-4915,msullivan@rivera.org,Bangalore,Bike,TN26 9404,3.86,525,63879.03
885,Manuel Clark DDS,001-551-831-9440x768,jonesdebra@rodriguez.info,Chennai,Auto,TN84 3720,3.93,975,36768.28
886,Mariah Trujillo,9264508660,john33@johnson-smith.com,Chennai,Bike,TN59 8583,3.95,439,25713.69
887,Michael Holloway,+1-720-435-7351,gregory06@yahoo.com,Bangalore,Bike,TN50 2184,4.79,924,90204.59
888,Maria Mills,(481)253-6050,catherine85@farmer.com,Hyderabad,Auto,TN41 1316,3.71,87,80628.61
889,Kara Thornton,001-128-083-6209x278,jdavis@yahoo.com,Hyderabad,Auto,TN95 5972,3.51,358,85033.04
890,Robert Lee,+1-722-331-1641x5183,jimenezkeith@hotmail.com,Kolkata,Bike,TN37 5932,4.78,608,7374.23
891,Anne Gill,442-525-8103,christina98@gmail.com,Bangalore,Bike,TN54 5641,4.85,460,90713.1
892,Patricia Kelly,001-277-308-9973x1297,jfisher@hotmail.com,Chennai,Auto,TN68 9013,4.04,603,69512.22
893,Michael Barajas Jr.,8530136560,donnaroach@hotmail.com,Delhi,Auto,TN75 2978,4.76,723,40015.09
894,Ashley Torres,(851)645-1508x13159,sharonmccullough@gmail.com,Pune,Auto,TN39 3404,4.37,846,30848.6
895,Cynthia Brown,949-440-7026,webbcynthia@cobb.com,Chennai,Auto,TN75 2069,4.74,426,60946.56
896,William Hicks,135.921.1565x06307,nortiz@yahoo.com,Delhi,Bike,TN10 1436,3.8,228,71865.87
897,Michelle Mcconnell,208-338-8070x069,hunter94@yahoo.com,Mumbai,Bike,TN70 1608,3.64,897,27723
898,Aaron Phillips,(977)658-6950,ruiznancy@yahoo.com,Delhi,Auto,TN84 5318,4.28,834,49910.15
899,Karen Chapman,310-046-2140x565,lambzachary@hotmail.com,Bangalore,Bike,TN40 1639,3.52,651,72789.19
900,Katrina Gonzales,289.188.7083,ronaldjennings@wu-daugherty.com,Pune,Auto,TN55 6218,4.14,652,55151.59
901,Jose Vasquez,001-895-767-4533x0936,karencastro@kelly-williams.com,Hyderabad,Auto,TN16 4464,3.76,898,57152.18
902,Jason Contreras,001-126-615-9165x8969,brittany89@hotmail.com,Chennai,Bike,TN56 7443,4.75,994,76536.3
903,Ian Myers,652-588-0309,louis45@hotmail.com,Hyderabad,Bike,TN15 8532,5,913,7926.41
904,Stacy Leblanc,+1-711-235-3515x165,englishmolly@hotmail.com,Chennai,Auto,TN46 7568,4.76,113,35065.57
905,Willie Neal,393.430.9588x3865,lauraochoa@williams.com,Kolkata,Bike,TN76 2317,4.94,968,5526.31
906,Wyatt Galvan,+1-248-409-9512x566,taylorjennifer@hanson.com,Delhi,Bike,TN56 7782,3.99,120,80878.17
907,Sean Kelly,2564079050,qobrien@hotmail.com,Kolkata,Bike,TN39 3063,3.77,197,84861.67
908,Chad Robinson,+1-474-792-7474x40624,pvargas@rhodes.com,Hyderabad,Auto,TN42 7606,4.14,807,85192.06
909,James Flores,5858831208,rmorris@rice-williams.com,Chennai,Auto,TN54 8427,4.13,964,13151.15
910,Sarah Harrell,730-339-0949,josephgonzalez@gmail.com,Bangalore,Auto,TN20 5472,4.75,842,49191.86
911,James Martin,(962)479-9156x4168,victor36@gmail.com,Delhi,Auto,TN67 3261,4.88,374,13844.63
912,Kenneth Phelps,+1-673-203-3674x65008,wilsonluis@joseph-thompson.com,Hyderabad,Auto,TN56 9824,3.8,661,9056.88
913,Heather Harris,6050022684,dustin95@yahoo.com,Hyderabad,Auto,TN23 6556,3.6,564,5062.06
914,John Carrillo,117-729-9669x886,xfrederick@davis.com,Hyderabad,Bike,TN30 8533,3.89,467,70715.31
915,Zachary Adams,016.342.5164x9783,martinemma@gibbs.com,Bangalore,Auto,TN54 8624,4.14,153,54025.08
916,Carrie Montoya,325-888-3876x98907,williamshaley@garcia-bautista.com,Chennai,Auto,TN35 9582,3.95,521,38874.25
917,Dawn Cooper,374-584-1260x33787,perrybrittany@yahoo.com,Pune,Bike,TN67 8279,3.92,592,77590.26
918,Alexis Schwartz,001-751-534-9324x87412,ugomez@kirk-marshall.org,Chennai,Auto,TN37 1432,3.59,133,54010.26
919,Ashley Hughes,866.770.3713,harrisdavid@gmail.com,Mumbai,Bike,TN36 2749,4.63,429,48731.61
920,Brittany Rogers,4686540713,cphillips@berry.org,Pune,Bike,TN57 7524,4.37,706,61919.56
921,Kelly Daugherty,(591)035-8117,kaylamurphy@hotmail.com,Chennai,Bike,TN43 9895,4.4,878,59626.19
922,Tiffany Williams,2338129697,sean07@douglas-dodson.com,Chennai,Auto,TN31 8593,4.36,109,69472.28
923,Jeremy Carson,9143731910,jonathan67@gmail.com,Delhi,Auto,TN76 9102,4.8,663,72319.08
924,Gabriel Luna,(022)543-8403x46030,robinayala@brewer.com,Delhi,Bike,TN51 9343,4.09,958,55520.48
925,Aaron Morris,9476509928,troy06@simmons.com,Kolkata,Bike,TN34 7306,3.99,136,49738.94
926,James Harrell,599-837-9587x8446,kellykirk@yahoo.com,Mumbai,Auto,TN14 8401,4.25,149,46368.43
927,Wendy Walter,413-825-9592,maxwelldaniels@gmail.com,Chennai,Auto,TN15 2087,4.07,161,66505.07
928,Jon Woodard,(668)019-9420x307,aliceblack@brown.info,Bangalore,Auto,TN48 1202,4.65,91,17420.32
929,Karen May,973-618-7313x16301,nelsonsarah@gmail.com,Delhi,Auto,TN71 1448,3.51,701,76813.06
930,Shane Bolton,(884)741-2238x796,javierhart@jones.net,Kolkata,Bike,TN99 2575,3.78,232,51359.48
931,Travis Lewis,374-757-8786,silvasusan@gmail.com,Delhi,Bike,TN91 1162,4.17,970,28526.37
932,William Martinez,(233)483-7675x4823,ihayes@hale.com,Delhi,Bike,TN18 7429,3.79,182,60928.24
933,Nicole Young,955-127-5961,jonathanvazquez@gmail.com,Hyderabad,Bike,TN58 3519,3.91,973,62801.36
934,David Blake,+1-493-082-4545x48597,joshuarice@hotmail.com,Bangalore,Bike,TN55 9916,3.81,706,62480.08
935,Keith White,001-131-364-8249,aaronrivers@ortiz.com,Kolkata,Bike,TN25 4086,4.35,591,64905.68
936,Kristi Cooper,(188)103-6098x1767,dannyrichard@hotmail.com,Bangalore,Auto,TN53 8681,3.72,415,59437.77
937,Andrew Morris,0175813562,samantha79@gmail.com,Hyderabad,Bike,TN61 1157,3.55,177,51919.01
938,Lisa West,8298421187,brianrobertson@hotmail.com,Hyderabad,Auto,TN71 4851,4.1,412,79207.83
939,Diane Barnett,(293)149-7310,cobbsherri@johnson-bailey.net,Pune,Auto,TN72 1888,3.59,613,35302.1
940,Sarah Stark,102.164.0197x744,calebfarley@yahoo.com,Pune,Bike,TN33 6300,4.89,130,6853.39
941,Keith Smith,(293)535-1346,voconnor@terry-deleon.info,Delhi,Auto,TN70 8980,3.71,699,78952.1
942,William Sandoval,001-751-751-6432x24348,mark07@smith.com,Hyderabad,Bike,TN49 4473,4.37,855,78643.71
943,Juan Parker,197-438-3146x415,lisawilson@gmail.com,Chennai,Auto,TN53 9698,4.33,363,93674.63
944,Timothy Taylor,001-378-888-5570x21463,zcarter@yahoo.com,Mumbai,Bike,TN39 5673,4.7,136,6837.74
945,Antonio Erickson,001-612-113-9971x436,anthony17@gmail.com,Kolkata,Bike,TN56 1047,3.65,724,34039.34
946,Corey Anderson,001-210-287-4588x6328,angelabrady@yahoo.com,Chennai,Auto,TN20 1694,4.82,625,74619.83
947,Andrew Rivera,814-010-2272x97902,robert24@parks.com,Kolkata,Bike,TN13 7944,3.65,593,30516.12
948,Heather Olson,087.307.4247x354,jessicagregory@hotmail.com,Mumbai,Bike,TN62 8767,3.99,781,96027.57
949,Matthew David,(332)859-4835,istewart@hotmail.com,Chennai,Auto,TN93 8307,3.99,701,86977.15
950,James Cross,042.801.2242x4042,zruiz@yahoo.com,Hyderabad,Bike,TN17 6994,3.56,304,58958.41
951,Jennifer York,(775)075-4376,christopheratkins@burton.org,Mumbai,Auto,TN83 4095,4.41,391,28782.2
952,Amanda Johnson,(058)892-0237,matthew60@taylor.com,Delhi,Bike,TN80 8653,3.82,995,61703.09
953,Adam Huynh,+1-775-935-8477x15473,serranorobert@hobbs.com,Mumbai,Auto,TN68 5667,4.03,311,47995.15
954,Cheryl Morse,329-449-8626x58540,rodriguezkelsey@hotmail.com,Delhi,Auto,TN53 6567,4.51,526,8727.64
955,Ashley Palmer,+1-898-118-6977x2087,brandon25@yahoo.com,Bangalore,Bike,TN40 9538,4.46,584,45143.7
956,Megan Murillo,727.006.9218x01452,zgonzales@harrington-morgan.com,Hyderabad,Auto,TN86 6324,4.63,623,81350.34
957,Connie Stewart,481.897.4442x55592,rmartinez@gmail.com,Mumbai,Auto,TN36 2208,4.24,417,61345.32
958,Debra Suarez,1883190390,garyrios@hotmail.com,Chennai,Bike,TN92 2910,3.73,202,97535.97
959,David Carey,279-719-2209x00420,zhenderson@lowe.com,Bangalore,Bike,TN88 8651,4.65,84,54551.23
960,Susan Thompson,663.514.6106x603,thomasdavis@wilson.org,Hyderabad,Bike,TN76 7022,4.93,943,73341.04
961,Debra Ray,867.892.7506x8654,robert85@lara-brooks.com,Bangalore,Bike,TN93 1665,4.07,305,45332.21
962,James Bowers,696.707.1469x295,hrios@yahoo.com,Chennai,Bike,TN72 9620,4.36,505,12664.85
963,John Herring,820-841-0993x54952,michaelrhodes@cook.com,Delhi,Bike,TN21 3972,4.48,638,40706.42
964,Zachary Cruz,(010)407-7177x1203,cindy50@hotmail.com,Chennai,Bike,TN17 8467,4.98,613,21798
965,Nicole Murillo,(312)278-2875x89290,lisa02@hotmail.com,Delhi,Auto,TN71 3477,4.74,735,94916.1
966,Natalie Coleman,642-247-8323x3942,gonzalezscott@hotmail.com,Delhi,Auto,TN86 9493,3.88,310,26978.32
967,Amanda Anderson,001-405-890-5951x89022,justinnunez@gmail.com,Mumbai,Auto,TN26 5777,4.93,208,41167.27
968,Jason Mueller,001-235-805-7063x018,ymartin@petersen.com,Mumbai,Bike,TN31 2573,3.63,859,94760.97
969,Cathy Zimmerman,1331240414,dawnvelez@gmail.com,Chennai,Bike,TN34 2721,3.82,931,93588.74
970,Kevin Tate,001-487-448-0874x0876,pereznicole@miller.org,Bangalore,Bike,TN55 4262,4.86,773,60021.37
971,Michael Salazar,482-622-8911,awoodward@hotmail.com,Delhi,Auto,TN16 7341,3.68,83,42289.35
972,Rebecca Keller,001-794-001-3480x018,mclaughlinderrick@conrad-gallegos.net,Mumbai,Auto,TN33 6902,3.85,795,35507.76
973,Nancy Mcmillan,(660)521-2762x304,williamdunn@gmail.com,Delhi,Bike,TN78 4032,4.27,176,92981.23
974,Deborah Jones,(837)503-6255,laurathompson@wilson.com,Bangalore,Auto,TN90 7300,4.49,314,22432.19
975,Gabrielle Gill,038-408-8940x160,aperez@mueller.com,Kolkata,Auto,TN88 6228,4.76,213,31163.62
976,Dana Burnett,001-651-704-5607x914,glopez@gmail.com,Delhi,Bike,TN52 7987,3.85,500,13204.69
977,John Barnes,001-088-085-1071,matthew04@wagner.com,Delhi,Bike,TN68 9862,4.98,414,15848.48
978,Stephen Johnson,+1-739-014-4012x669,sschmidt@hotmail.com,Hyderabad,Auto,TN58 6595,3.52,1000,43346.31
979,William Henry,5708696011,pkeller@gmail.com,Chennai,Bike,TN62 9939,3.83,614,47525.42
980,Gregory Mcmillan,(578)342-1835x879,xmason@downs.org,Chennai,Auto,TN92 2667,4.92,656,13238.53
981,Michael Church,633.267.1897x5948,spearsanna@scott.com,Delhi,Bike,TN75 9810,4.78,751,98255.08
982,Wanda Clark,8861279055,maryreeves@thomas.com,Bangalore,Auto,TN10 8024,4.5,998,90545.29
983,Michelle Rice,+1-340-120-3084,andreahart@logan.com,Kolkata,Bike,TN92 9743,3.87,928,68529.49
984,Dawn Mccarty,282-808-1856x0783,briannajones@wilkinson.com,Pune,Auto,TN13 6808,4.32,233,53308.15
985,Sherry Taylor,7236431028,terrellpaul@yahoo.com,Kolkata,Bike,TN47 2637,4.4,227,35677.02
986,Edward Hopkins,001-893-501-7387x8986,aaron66@smith.com,Kolkata,Bike,TN61 3053,4.71,391,23095.13
987,Cassandra Lamb,(603)725-6803x99969,aliciaferguson@hotmail.com,Mumbai,Auto,TN14 3564,3.95,653,15039.67
988,Benjamin Burke,+1-033-634-1769x38555,jonesshannon@burke.com,Chennai,Bike,TN29 5071,4.4,528,11223.53
989,Jennifer Velez,415-762-4193x82245,irwinnicholas@hotmail.com,Pune,Auto,TN67 2828,4.63,233,15711.16
990,Randall Ponce,154-551-2248x9592,kathryndoyle@carpenter-farmer.org,Pune,Auto,TN24 5618,3.51,921,20360.37
991,Sandra Cooper,+1-987-748-7192,maria16@patterson-woodward.com,Kolkata,Bike,TN15 1592,3.58,617,76519.49
992,Valerie Miller,4689063832,rebeccacopeland@gonzalez-elliott.biz,Chennai,Bike,TN78 2733,4.09,735,40480.25
993,Stephanie Smith,+1-833-918-9761,ltodd@gmail.com,Kolkata,Auto,TN61 5621,4.64,743,75156.56
994,Patrick Banks,756-563-8685x9283,gvazquez@yahoo.com,Mumbai,Auto,TN15 3658,4.26,511,98085.95
995,Wendy Chen,(136)636-9365,seanmclaughlin@yahoo.com,Delhi,Auto,TN75 1741,4.64,75,93271.47
996,Sara Obrien,001-763-433-1970x5156,saramiller@cameron.com,Pune,Bike,TN24 4072,4.41,496,89221.32
997,Devin Williamson,1835331790,nicholassmith@yahoo.com,Delhi,Auto,TN85 7839,4.38,363,53894.27
998,Calvin Crawford,001-882-045-1690x04783,hammondnathan@patterson.com,Mumbai,Auto,TN90 3931,4.17,654,44111.8
999,Vanessa Perry,(309)459-4460x9780,angelajones@hotmail.com,Chennai,Auto,TN44 6494,4.74,298,27978.15
1000,Vanessa Johnson,414.266.4219,umeyers@petersen.com,Pune,Auto,TN49 1499,4.43,257,33175.04
