cancellation_id,ride_id,customer_id,driver_id,cancellation_reason,cancellation_time
1,12,242,779,Traffic Issue,18:20:01
2,3530,959,525,Changed Plan,20:13:57
3,7184,1694,917,Rider Late,00:37:14
4,1993,591,556,Traffic Issue,16:05:37
5,3120,645,745,Driver Late,09:34:33
6,8120,1962,314,Wrong Pickup,16:48:03
7,9288,570,408,Traffic Issue,18:13:21
8,1176,651,452,Rider Late,04:23:09
9,9606,1058,848,Wrong Pickup,19:55:11
10,1881,148,408,Rider Late,11:51:56
11,932,1006,621,Wrong Pickup,06:44:53
12,5389,1054,235,Changed Plan,15:21:55
13,5264,351,994,Changed Plan,03:38:55
14,3487,1180,481,Wrong Pickup,15:55:18
15,3655,187,885,Traffic Issue,13:54:25
16,1522,1976,58,Rider Late,01:10:57
17,1702,1133,169,Changed Plan,04:11:23
18,4771,255,677,Wrong Pickup,15:40:27
19,8586,1417,802,Wrong Pickup,01:29:11
20,1897,1408,904,Driver Late,08:44:01
21,3138,230,703,Traffic Issue,17:54:20
22,1731,1825,660,Driver Late,18:05:48
23,7734,621,170,Driver Late,08:15:35
24,3657,1765,168,Driver Late,05:57:04
25,6775,432,317,Traffic Issue,12:02:33
26,8628,19,762,Rider Late,10:22:24
27,8677,44,326,Driver Late,05:15:28
28,198,850,700,Driver Late,10:46:55
29,5842,1818,917,Rider Late,17:53:55
30,687,603,938,Traffic Issue,15:49:39
31,1929,6,728,Traffic Issue,13:41:12
32,6213,1285,596,Wrong Pickup,07:01:25
33,686,69,743,Changed Plan,08:06:34
34,5029,84,158,Driver Late,00:08:59
35,4215,312,765,Wrong Pickup,19:23:51
36,7474,1475,570,Rider Late,10:56:01
37,8023,392,856,Rider Late,09:43:36
38,7065,298,440,Wrong Pickup,01:25:08
39,5,31,700,Changed Plan,23:04:15
40,2675,462,879,Wrong Pickup,10:17:50
41,8225,1723,43,Rider Late,17:54:36
42,7158,1601,982,Rider Late,04:29:07
43,5832,1396,576,Changed Plan,17:18:40
44,7297,785,74,Changed Plan,09:01:30
45,274,1449,89,Traffic Issue,15:33:59
46,54,1680,51,Traffic Issue,06:37:48
47,306,1166,244,Changed Plan,05:33:20
48,1948,900,375,Driver Late,21:33:31
49,6287,1036,518,Wrong Pickup,02:06:54
50,7583,1322,273,Wrong Pickup,06:44:06
51,1167,1700,34,Changed Plan,00:43:56
52,3816,961,239,Traffic Issue,23:39:49
53,9769,488,102,Rider Late,20:16:24
54,3317,631,768,Rider Late,03:21:02
55,9274,550,484,Rider Late,21:47:43
56,370,654,543,Rider Late,18:54:54
57,1921,864,200,Wrong Pickup,03:11:51
58,421,1816,813,Changed Plan,21:54:56
59,2955,1069,117,Wrong Pickup,11:38:36
60,9279,821,512,Changed Plan,20:27:14
61,6007,888,957,Traffic Issue,18:15:02
62,943,1055,725,Driver Late,15:39:18
63,8062,1256,887,Driver Late,12:07:19
64,932,936,868,Driver Late,13:34:26
65,3290,1352,637,Traffic Issue,22:39:53
66,6211,194,743,Driver Late,16:28:32
67,607,841,28,Rider Late,19:13:23
68,8073,676,811,Traffic Issue,10:30:13
69,171,407,333,Changed Plan,20:04:35
70,457,1505,320,Traffic Issue,09:52:04
71,6858,1735,122,Wrong Pickup,18:10:48
72,2432,1197,980,Wrong Pickup,15:39:06
73,8252,44,381,Driver Late,18:41:36
74,3603,1114,951,Traffic Issue,10:21:24
75,5044,1868,92,Changed Plan,01:41:10
76,9675,93,133,Wrong Pickup,12:05:24
77,4652,339,290,Driver Late,17:19:28
78,4846,1868,414,Driver Late,13:54:55
79,1307,1585,777,Driver Late,22:50:00
80,6414,1076,349,Traffic Issue,05:19:25
81,7823,1105,921,Rider Late,18:30:52
82,6328,48,402,Traffic Issue,08:36:16
83,1296,1124,293,Driver Late,03:32:42
84,6120,1847,864,Wrong Pickup,18:43:34
85,6964,394,936,Traffic Issue,16:03:01
86,3946,985,39,Wrong Pickup,23:33:51
87,3156,1334,877,Driver Late,18:21:39
88,9479,385,752,Wrong Pickup,02:33:08
89,7517,98,720,Traffic Issue,22:24:59
90,5893,274,569,Changed Plan,09:41:23
91,7648,421,802,Driver Late,06:21:18
92,6062,1135,430,Traffic Issue,11:54:45
93,6442,716,112,Rider Late,20:24:52
94,7929,1124,413,Traffic Issue,07:06:33
95,653,653,256,Changed Plan,22:11:50
96,555,878,484,Wrong Pickup,13:41:51
97,8317,1047,694,Rider Late,17:15:00
98,3618,1651,647,Driver Late,20:08:51
99,8493,89,290,Rider Late,09:17:09
100,7811,739,299,Wrong Pickup,05:51:06
101,9940,1584,237,Rider Late,21:23:32
102,1758,1991,621,Changed Plan,14:29:11
103,8076,961,646,Traffic Issue,23:10:33
104,2155,1316,713,Wrong Pickup,22:07:53
105,7930,1794,447,Rider Late,14:53:33
106,2177,906,281,Traffic Issue,17:38:10
107,7782,509,272,Traffic Issue,05:24:14
108,2365,1357,374,Changed Plan,08:25:52
109,2451,1484,454,Wrong Pickup,23:15:56
110,9923,821,73,Rider Late,04:50:26
111,5327,277,118,Wrong Pickup,20:00:00
112,6283,511,806,Driver Late,00:34:24
113,5638,348,207,Changed Plan,11:24:29
114,3528,837,414,Rider Late,10:14:30
115,582,1647,566,Rider Late,07:45:36
116,7983,748,345,Wrong Pickup,00:17:02
117,3956,510,904,Traffic Issue,16:38:28
118,8570,751,98,Rider Late,10:15:02
119,6129,1996,293,Rider Late,08:45:14
120,488,761,818,Rider Late,13:36:34
121,7222,41,295,Changed Plan,04:58:03
122,9613,135,475,Rider Late,11:10:36
123,3684,1754,642,Wrong Pickup,08:14:59
124,2832,75,626,Wrong Pickup,20:34:09
125,8173,1147,15,Changed Plan,05:08:06
126,528,1500,627,Wrong Pickup,00:48:23
127,8053,1610,198,Driver Late,02:44:15
128,8390,1554,600,Rider Late,18:57:11
129,8442,1491,597,Changed Plan,12:35:44
130,9949,1141,51,Driver Late,07:28:02
131,2315,1311,935,Driver Late,05:18:39
132,8177,843,418,Rider Late,20:07:54
133,8985,1355,509,Traffic Issue,01:24:48
134,9085,232,468,Driver Late,18:46:59
135,2254,1827,697,Changed Plan,01:31:52
136,8380,774,77,Traffic Issue,09:06:49
137,1205,1130,123,Traffic Issue,15:16:34
138,9347,43,795,Driver Late,03:28:20
139,1876,778,879,Traffic Issue,13:45:31
140,3319,1270,337,Changed Plan,18:09:30
141,9862,414,47,Rider Late,15:44:46
142,50,1620,949,Changed Plan,13:30:06
143,4580,499,952,Wrong Pickup,23:41:16
144,3,793,73,Changed Plan,13:27:41
145,3306,892,836,Driver Late,09:31:50
146,1200,547,533,Wrong Pickup,16:06:32
147,5488,986,331,Traffic Issue,05:11:50
148,6037,1965,541,Driver Late,02:54:40
149,3056,312,268,Rider Late,14:04:21
150,6252,844,964,Wrong Pickup,01:16:44
151,7412,792,547,Driver Late,14:25:21
152,3366,1425,186,Rider Late,19:12:41
153,5207,735,598,Driver Late,18:17:42
154,3975,553,304,Wrong Pickup,02:58:07
155,6506,483,441,Driver Late,03:14:16
156,5045,843,838,Changed Plan,23:57:06
157,6697,242,322,Wrong Pickup,12:28:50
158,8407,804,634,Changed Plan,18:00:03
159,6312,639,354,Wrong Pickup,03:26:01
160,1076,1472,156,Wrong Pickup,06:18:53
161,8549,1980,955,Wrong Pickup,08:59:03
162,8301,665,589,Wrong Pickup,14:54:33
163,1928,1349,820,Wrong Pickup,19:55:34
164,2247,1626,465,Driver Late,09:45:57
165,1295,632,562,Driver Late,02:00:30
166,8428,1770,18,Changed Plan,03:03:16
167,6966,311,588,Changed Plan,02:58:35
168,2830,692,852,Rider Late,17:24:19
169,7327,348,52,Changed Plan,07:29:18
170,2674,1747,579,Changed Plan,23:03:40
171,9138,1970,64,Rider Late,13:37:00
172,5906,1338,560,Changed Plan,07:22:12
173,6801,1568,565,Changed Plan,01:45:28
174,914,341,620,Changed Plan,21:57:39
175,6586,391,100,Traffic Issue,12:50:04
176,5940,706,795,Driver Late,17:04:28
177,905,247,862,Changed Plan,02:33:10
178,7647,1833,150,Driver Late,11:10:53
179,9258,100,633,Traffic Issue,10:03:14
180,9656,1233,6,Changed Plan,20:33:46
181,9682,474,530,Rider Late,20:31:46
182,7476,1025,799,Driver Late,10:52:59
183,626,253,663,Rider Late,07:25:15
184,5507,1054,887,Changed Plan,20:50:55
185,4405,128,65,Traffic Issue,06:01:04
186,2316,650,505,Driver Late,17:50:11
187,5074,1375,723,Driver Late,00:51:19
188,1432,997,83,Changed Plan,02:37:18
189,3974,1655,358,Driver Late,13:15:58
190,8901,475,82,Wrong Pickup,17:13:26
191,1566,1216,811,Rider Late,12:30:04
192,3313,830,590,Wrong Pickup,04:26:28
193,924,917,501,Driver Late,06:38:06
194,8317,128,98,Changed Plan,01:47:10
195,9098,214,220,Wrong Pickup,19:34:54
196,3118,467,954,Wrong Pickup,13:05:15
197,2307,1078,902,Traffic Issue,08:43:39
198,4200,1022,339,Driver Late,18:15:06
199,2794,8,198,Rider Late,04:22:45
200,4089,259,569,Driver Late,21:24:03
201,1572,1266,928,Traffic Issue,07:40:31
202,7041,269,891,Wrong Pickup,11:33:56
203,211,787,737,Driver Late,03:14:36
204,4231,735,732,Changed Plan,19:36:46
205,4441,1150,372,Driver Late,14:47:53
206,2889,1029,222,Rider Late,22:38:21
207,1056,1639,454,Traffic Issue,00:35:53
208,3282,715,779,Traffic Issue,20:41:20
209,8762,1308,42,Changed Plan,01:04:21
210,6288,499,275,Rider Late,07:12:23
211,9776,630,971,Driver Late,20:35:12
212,6841,1179,835,Wrong Pickup,23:27:08
213,9297,411,698,Changed Plan,20:55:06
214,7841,1850,648,Changed Plan,14:47:34
215,3987,283,450,Wrong Pickup,19:44:07
216,8050,1067,481,Changed Plan,10:59:37
217,3796,618,930,Rider Late,08:46:04
218,1100,1966,629,Changed Plan,07:30:24
219,1610,819,663,Driver Late,12:54:24
220,5476,829,110,Changed Plan,23:54:24
221,2689,942,444,Driver Late,15:18:04
222,7934,231,654,Driver Late,19:22:34
223,6772,441,344,Wrong Pickup,01:08:15
224,8298,724,774,Rider Late,00:08:17
225,9785,1805,450,Rider Late,23:32:54
226,6720,1049,329,Traffic Issue,10:01:39
227,1443,1533,435,Traffic Issue,15:47:41
228,5629,700,415,Rider Late,02:27:28
229,269,459,247,Traffic Issue,19:30:10
230,6996,1652,365,Rider Late,08:14:49
231,4091,1865,356,Driver Late,20:35:35
232,5535,1531,509,Rider Late,05:53:39
233,5613,747,186,Wrong Pickup,03:28:31
234,5402,1932,933,Rider Late,08:46:39
235,6890,845,595,Rider Late,12:13:58
236,9946,1311,340,Changed Plan,16:04:53
237,2374,1415,229,Traffic Issue,16:26:49
238,1051,1959,629,Wrong Pickup,05:19:11
239,5633,367,882,Rider Late,14:38:24
240,9348,1031,348,Rider Late,19:21:33
241,9938,848,776,Rider Late,01:24:27
242,1186,356,608,Changed Plan,06:13:04
243,998,89,200,Driver Late,23:59:31
244,5803,1818,225,Driver Late,06:42:10
245,6722,986,434,Traffic Issue,06:01:08
246,9540,207,329,Changed Plan,13:12:52
247,5706,1373,996,Changed Plan,19:08:10
248,6561,622,648,Traffic Issue,03:35:59
249,9601,711,921,Driver Late,20:56:01
250,9441,1713,800,Rider Late,18:51:42
251,1944,887,425,Rider Late,07:23:55
252,8070,1943,430,Wrong Pickup,12:06:07
253,8271,1685,859,Traffic Issue,17:12:08
254,3356,1629,535,Changed Plan,04:53:11
255,6949,1672,350,Wrong Pickup,16:59:52
256,1380,1055,611,Traffic Issue,14:14:44
257,9531,15,380,Driver Late,07:28:42
258,6270,1773,972,Traffic Issue,18:13:19
259,6656,493,986,Rider Late,09:22:07
260,6715,1832,210,Changed Plan,00:49:26
261,999,571,923,Rider Late,18:09:47
262,3630,80,732,Changed Plan,01:44:32
263,6247,670,965,Changed Plan,17:23:04
264,6775,61,931,Rider Late,11:14:06
265,2493,1110,541,Wrong Pickup,22:03:21
266,1097,492,726,Wrong Pickup,01:33:06
267,3993,1822,945,Driver Late,08:03:39
268,7992,1200,990,Changed Plan,07:27:22
269,1067,970,699,Changed Plan,08:32:19
270,3291,1373,590,Traffic Issue,10:12:42
271,4589,1876,95,Driver Late,21:58:43
272,6750,90,459,Changed Plan,16:46:12
273,7573,827,514,Driver Late,06:19:56
274,8695,616,357,Traffic Issue,15:21:53
275,6445,233,785,Driver Late,23:01:57
276,9211,1287,808,Changed Plan,06:07:33
277,2295,1886,87,Wrong Pickup,18:10:38
278,4753,467,500,Driver Late,07:18:51
279,1711,1929,633,Wrong Pickup,07:11:43
280,8954,1927,143,Wrong Pickup,05:05:28
281,586,812,565,Driver Late,17:12:56
282,9959,413,231,Wrong Pickup,16:26:00
283,4203,1984,745,Changed Plan,20:56:00
284,7891,1007,45,Driver Late,07:06:56
285,8672,747,22,Rider Late,02:53:41
286,3623,1120,166,Rider Late,16:22:43
287,9188,1537,312,Driver Late,20:49:42
288,7818,670,873,Rider Late,04:59:06
289,2411,1527,871,Traffic Issue,18:01:53
290,2034,1265,167,Wrong Pickup,17:19:59
291,5653,1871,657,Wrong Pickup,01:24:17
292,3576,227,50,Wrong Pickup,13:11:08
293,2337,1546,250,Rider Late,17:45:56
294,5841,1790,13,Wrong Pickup,13:30:12
295,2500,1373,418,Driver Late,10:52:55
296,7089,819,269,Rider Late,20:16:06
297,5707,1409,109,Changed Plan,19:55:14
298,2548,69,555,Traffic Issue,21:30:02
299,2567,869,72,Driver Late,18:53:19
300,9106,1597,978,Wrong Pickup,15:43:13
301,5215,1228,890,Wrong Pickup,21:11:55
302,7894,1358,701,Traffic Issue,21:37:09
303,7800,1160,485,Changed Plan,06:08:52
304,4840,1054,434,Rider Late,19:56:24
305,4505,684,877,Rider Late,03:25:55
306,6343,1515,442,Driver Late,07:01:23
307,3823,65,183,Traffic Issue,02:41:09
308,1911,1974,997,Traffic Issue,02:40:20
309,5096,319,180,Changed Plan,22:27:00
310,2400,1684,805,Traffic Issue,15:36:59
311,1778,580,832,Changed Plan,19:05:25
312,2268,1531,832,Wrong Pickup,18:29:11
313,1622,1231,711,Rider Late,11:56:43
314,4277,638,599,Changed Plan,07:00:17
315,3282,1923,97,Changed Plan,22:26:26
316,8444,1686,798,Rider Late,13:41:52
317,5734,634,755,Traffic Issue,00:55:16
318,9684,577,421,Wrong Pickup,01:50:57
319,5900,1445,145,Rider Late,07:05:29
320,6531,204,943,Traffic Issue,03:33:32
321,1144,1912,36,Traffic Issue,12:59:48
322,8079,217,618,Rider Late,19:23:19
323,171,503,570,Changed Plan,09:41:45
324,3234,1375,841,Rider Late,21:58:04
325,144,1526,873,Changed Plan,22:39:35
326,9912,476,470,Driver Late,04:37:41
327,2501,104,604,Changed Plan,08:25:55
328,4117,1074,959,Wrong Pickup,13:26:41
329,5347,1706,693,Traffic Issue,17:19:28
330,9582,1592,782,Driver Late,09:58:25
331,161,305,50,Driver Late,05:12:29
332,9576,1532,708,Traffic Issue,03:12:00
333,9127,165,444,Driver Late,19:30:53
334,5809,1448,74,Changed Plan,12:59:43
335,925,685,551,Wrong Pickup,20:27:52
336,9460,239,763,Wrong Pickup,01:36:15
337,437,495,300,Rider Late,07:48:12
338,8481,475,698,Changed Plan,18:40:37
339,3759,770,625,Rider Late,03:37:02
340,8647,1232,451,Rider Late,03:38:22
341,1374,652,105,Traffic Issue,13:24:27
342,3083,1700,576,Traffic Issue,03:09:11
343,4108,1036,95,Traffic Issue,05:17:03
344,8389,1722,181,Wrong Pickup,03:41:58
345,6551,136,226,Driver Late,16:06:10
346,8365,1235,786,Driver Late,09:43:53
347,6033,1025,636,Changed Plan,19:57:56
348,280,1716,508,Rider Late,06:53:31
349,4252,1103,531,Rider Late,16:36:40
350,1007,1638,339,Traffic Issue,13:16:26
351,1077,1581,460,Wrong Pickup,12:48:44
352,9118,502,669,Rider Late,10:07:18
353,381,373,208,Rider Late,17:10:22
354,4231,1008,117,Wrong Pickup,22:23:14
355,2619,1601,1,Changed Plan,00:07:05
356,5640,1892,457,Traffic Issue,06:30:59
357,7814,1610,573,Rider Late,11:41:29
358,5970,462,989,Changed Plan,12:33:06
359,3050,565,711,Changed Plan,12:03:17
360,539,1410,946,Changed Plan,00:57:30
361,4360,1848,944,Rider Late,01:49:55
362,2771,579,740,Changed Plan,07:40:20
363,8701,1702,901,Wrong Pickup,18:15:52
364,8463,839,833,Changed Plan,20:31:09
365,8515,133,428,Driver Late,22:48:32
366,8198,866,871,Rider Late,02:52:22
367,6424,34,384,Changed Plan,09:12:26
368,2312,1134,381,Driver Late,18:26:08
369,5926,1920,461,Rider Late,12:28:13
370,4899,1775,146,Wrong Pickup,15:27:07
371,1573,1705,753,Driver Late,11:40:48
372,7440,892,794,Rider Late,06:39:10
373,1105,1074,105,Driver Late,12:27:01
374,4097,1751,779,Rider Late,01:49:00
375,2831,528,313,Rider Late,15:44:28
376,1397,167,725,Wrong Pickup,20:33:14
377,4462,408,245,Rider Late,15:05:48
378,9140,301,114,Wrong Pickup,03:53:20
379,4203,874,889,Wrong Pickup,20:56:44
380,7763,751,844,Rider Late,06:02:33
381,7822,151,561,Wrong Pickup,21:01:23
382,9232,1505,232,Changed Plan,09:39:21
383,4163,1692,972,Driver Late,03:33:35
384,8831,1365,907,Wrong Pickup,13:53:09
385,3974,1280,180,Wrong Pickup,22:33:37
386,615,1002,656,Driver Late,16:42:52
387,7476,4,939,Driver Late,18:15:25
388,2221,304,288,Driver Late,20:25:11
389,5753,35,201,Rider Late,15:44:02
390,2024,639,17,Wrong Pickup,11:19:53
391,3200,1198,227,Rider Late,01:13:31
392,570,1395,822,Wrong Pickup,16:34:53
393,3799,227,162,Changed Plan,11:45:06
394,9076,1695,409,Rider Late,03:28:17
395,9637,1986,235,Rider Late,16:36:18
396,7552,124,741,Traffic Issue,13:35:56
397,4839,1025,601,Traffic Issue,12:08:50
398,836,1276,957,Rider Late,19:15:31
399,5849,594,614,Wrong Pickup,13:11:09
400,635,976,635,Rider Late,08:40:16
401,465,183,977,Rider Late,11:56:11
402,6487,944,579,Traffic Issue,13:05:26
403,3161,724,373,Wrong Pickup,01:41:19
404,1296,280,429,Driver Late,06:19:39
405,3162,1432,506,Rider Late,17:43:46
406,7579,1962,622,Changed Plan,04:44:45
407,5078,200,199,Changed Plan,10:58:53
408,2195,284,517,Wrong Pickup,13:41:14
409,5976,1706,751,Rider Late,03:36:32
410,9385,1524,585,Wrong Pickup,11:03:54
411,4602,860,781,Traffic Issue,01:16:45
412,1727,329,378,Driver Late,05:36:34
413,4931,1328,149,Changed Plan,06:17:16
414,974,422,668,Driver Late,09:50:53
415,2084,429,490,Changed Plan,06:34:58
416,598,201,922,Traffic Issue,19:08:59
417,3361,218,522,Rider Late,08:00:32
418,8384,1031,335,Traffic Issue,21:11:53
419,1632,93,926,Changed Plan,13:44:37
420,741,374,765,Changed Plan,12:38:24
421,1363,1140,146,Traffic Issue,01:14:17
422,2602,1491,940,Rider Late,09:01:21
423,6910,1770,237,Changed Plan,07:25:23
424,7791,464,332,Wrong Pickup,23:38:42
425,1081,706,228,Rider Late,21:15:41
426,1667,605,719,Driver Late,13:46:55
427,2571,1264,444,Changed Plan,15:17:51
428,8082,689,708,Wrong Pickup,19:02:20
429,1502,279,526,Rider Late,18:47:55
430,5861,424,347,Driver Late,07:44:06
431,5946,1720,487,Changed Plan,21:01:39
432,7993,1800,340,Driver Late,17:28:47
433,7700,465,892,Traffic Issue,05:25:50
434,7349,1792,495,Changed Plan,10:00:45
435,5044,256,480,Driver Late,16:19:06
436,6158,1338,196,Wrong Pickup,11:02:43
437,2208,496,673,Rider Late,05:03:54
438,8731,1163,46,Rider Late,12:49:05
439,7643,1116,908,Wrong Pickup,02:55:01
440,8710,1548,589,Wrong Pickup,16:19:34
441,9993,1751,676,Changed Plan,21:35:08
442,9791,1619,209,Wrong Pickup,08:38:38
443,1668,1962,186,Rider Late,14:57:08
444,11,314,488,Changed Plan,05:55:48
445,8676,1056,116,Wrong Pickup,04:06:08
446,2812,1996,462,Driver Late,21:02:58
447,6801,1021,628,Driver Late,14:15:14
448,3001,787,381,Wrong Pickup,13:28:59
449,9271,1738,426,Driver Late,13:37:45
450,1637,335,840,Rider Late,09:20:38
451,141,1421,820,Rider Late,19:27:24
452,2726,960,742,Rider Late,03:00:25
453,6247,1485,821,Rider Late,01:52:39
454,5324,295,496,Wrong Pickup,08:34:30
455,5475,119,941,Traffic Issue,11:01:50
456,4462,843,82,Driver Late,14:50:30
457,3101,1802,704,Traffic Issue,08:48:00
458,8133,561,665,Traffic Issue,20:25:41
459,6701,761,433,Changed Plan,17:40:24
460,6045,1130,67,Driver Late,22:12:34
461,9924,1693,12,Rider Late,00:40:31
462,9653,1747,592,Traffic Issue,20:13:15
463,807,1222,299,Traffic Issue,14:32:40
464,7936,969,767,Wrong Pickup,23:47:23
465,7057,1048,376,Changed Plan,00:47:22
466,9915,402,998,Wrong Pickup,15:48:10
467,907,1063,999,Driver Late,22:11:12
468,5168,1291,476,Changed Plan,17:55:28
469,7630,443,442,Rider Late,06:14:59
470,2327,31,430,Rider Late,16:15:01
471,5350,1649,192,Changed Plan,23:20:16
472,1045,1454,369,Traffic Issue,23:23:00
473,2113,54,568,Changed Plan,22:44:51
474,6542,1664,932,Rider Late,19:10:34
475,8907,1055,582,Rider Late,10:54:23
476,9423,732,681,Wrong Pickup,00:52:28
477,4391,472,939,Traffic Issue,20:21:07
478,3753,900,376,Traffic Issue,05:30:42
479,8611,1632,749,Changed Plan,14:38:58
480,319,673,74,Changed Plan,07:17:52
481,8246,1705,439,Wrong Pickup,10:18:07
482,2771,239,389,Wrong Pickup,11:04:44
483,4679,1169,221,Driver Late,12:53:27
484,7412,507,660,Changed Plan,13:11:50
485,1079,991,754,Driver Late,15:49:46
486,638,599,1,Changed Plan,21:39:37
487,9968,124,265,Wrong Pickup,22:55:22
488,1723,1974,565,Traffic Issue,13:53:57
489,5352,1965,549,Wrong Pickup,06:50:09
490,9288,1095,270,Traffic Issue,03:39:18
491,6097,1585,433,Traffic Issue,06:55:17
492,2102,488,750,Traffic Issue,23:12:24
493,5835,226,248,Wrong Pickup,17:17:37
494,5967,719,248,Traffic Issue,17:29:33
495,7208,1102,54,Driver Late,10:42:30
496,4608,1615,348,Rider Late,07:42:18
497,2129,1158,247,Wrong Pickup,05:27:35
498,1002,187,105,Driver Late,01:09:04
499,224,798,252,Rider Late,11:12:52
500,9705,2000,215,Driver Late,01:29:36
501,1585,994,885,Traffic Issue,05:36:14
502,9945,1839,645,Traffic Issue,12:37:46
503,9014,324,388,Rider Late,04:43:09
504,467,1049,240,Changed Plan,15:43:55
505,114,1697,997,Wrong Pickup,00:31:59
506,3316,221,369,Changed Plan,10:53:21
507,4320,1044,693,Driver Late,22:26:26
508,5116,1189,387,Traffic Issue,01:17:13
509,7613,1369,256,Traffic Issue,07:41:10
510,3883,1238,945,Wrong Pickup,12:17:06
511,5287,1727,941,Traffic Issue,22:07:42
512,1165,152,308,Changed Plan,04:12:29
513,1748,1588,659,Changed Plan,03:18:56
514,1031,1110,569,Changed Plan,14:28:00
515,8997,1064,673,Traffic Issue,21:06:05
516,338,140,563,Wrong Pickup,00:58:15
517,3120,33,253,Driver Late,03:49:25
518,3242,1621,979,Wrong Pickup,07:50:30
519,4719,1991,270,Driver Late,08:06:14
520,42,1587,575,Rider Late,07:55:27
521,6986,407,632,Driver Late,01:57:41
522,543,464,585,Rider Late,09:28:27
523,1014,689,24,Rider Late,01:36:20
524,3457,1398,745,Traffic Issue,12:23:25
525,1949,367,17,Traffic Issue,00:59:58
526,4669,1941,872,Traffic Issue,17:15:31
527,8617,615,581,Traffic Issue,01:55:11
528,3008,1882,369,Changed Plan,10:36:54
529,7169,1998,386,Traffic Issue,10:15:29
530,3817,420,935,Wrong Pickup,17:26:33
531,138,244,173,Driver Late,12:06:03
532,4339,1458,352,Traffic Issue,18:53:52
533,3857,1672,629,Traffic Issue,22:51:36
534,5705,1994,158,Traffic Issue,04:27:46
535,7860,1776,8,Driver Late,19:13:14
536,9272,262,983,Rider Late,18:40:31
537,5234,1457,405,Traffic Issue,15:58:00
538,5818,1814,213,Rider Late,09:02:48
539,589,323,521,Wrong Pickup,08:18:37
540,1504,264,628,Rider Late,01:29:04
541,9236,816,627,Wrong Pickup,21:16:44
542,2476,2000,510,Driver Late,19:17:46
543,7492,1353,743,Changed Plan,19:15:26
544,3528,958,366,Traffic Issue,21:31:22
545,8245,1445,543,Changed Plan,16:37:32
546,9814,1590,370,Rider Late,05:50:01
547,7965,1980,964,Changed Plan,10:17:37
548,4912,1390,10,Changed Plan,15:01:51
549,7853,842,989,Changed Plan,23:27:51
550,5140,1843,96,Driver Late,02:27:51
551,7710,1299,784,Driver Late,18:20:15
552,7801,181,683,Wrong Pickup,07:41:30
553,4894,418,49,Changed Plan,14:41:59
554,3834,1078,266,Driver Late,15:04:07
555,1669,1755,897,Wrong Pickup,01:14:19
556,1124,553,631,Rider Late,16:24:02
557,6968,1053,396,Rider Late,08:47:41
558,5758,212,865,Traffic Issue,04:41:45
559,1044,1972,882,Rider Late,21:03:10
560,9303,1038,381,Changed Plan,10:30:40
561,967,951,34,Rider Late,00:42:08
562,8531,888,647,Driver Late,00:10:00
563,2269,371,877,Changed Plan,09:35:43
564,4050,1939,296,Driver Late,10:03:49
565,1005,835,296,Traffic Issue,12:02:52
566,6240,483,784,Driver Late,20:52:11
567,5261,1033,660,Changed Plan,22:55:15
568,1579,1131,259,Traffic Issue,17:33:30
569,7226,1928,494,Wrong Pickup,04:18:28
570,5839,1355,513,Changed Plan,13:30:20
571,7245,491,549,Rider Late,21:04:38
572,7327,1025,75,Rider Late,18:22:51
573,7780,538,703,Rider Late,14:18:17
574,5679,1377,550,Driver Late,18:56:31
575,9754,1270,722,Driver Late,19:29:35
576,7437,1555,494,Rider Late,04:54:30
577,4809,1637,85,Driver Late,07:52:44
578,2246,1788,175,Traffic Issue,00:39:49
579,5024,605,449,Rider Late,01:55:51
580,7921,1647,731,Driver Late,05:56:48
581,3750,1305,194,Wrong Pickup,22:26:10
582,5700,1173,977,Rider Late,18:32:16
583,2422,225,57,Traffic Issue,18:37:44
584,803,493,343,Traffic Issue,06:24:05
585,6618,262,736,Traffic Issue,10:34:28
586,5801,357,798,Wrong Pickup,20:09:03
587,5756,1795,451,Wrong Pickup,04:32:10
588,4207,555,530,Rider Late,17:07:42
589,6468,391,128,Rider Late,00:09:55
590,1519,1045,600,Driver Late,12:27:14
591,9821,967,237,Wrong Pickup,02:23:30
592,2424,963,504,Driver Late,01:23:01
593,7953,357,249,Wrong Pickup,09:18:04
594,998,158,718,Rider Late,12:52:54
595,4911,1833,547,Traffic Issue,20:08:00
596,9789,1730,27,Wrong Pickup,06:28:19
597,2840,312,694,Wrong Pickup,09:55:49
598,630,1876,836,Traffic Issue,15:15:03
599,8047,767,594,Driver Late,07:57:39
600,4530,862,811,Rider Late,07:36:28
601,5772,776,479,Wrong Pickup,05:27:54
602,8595,1299,791,Driver Late,04:15:43
603,3573,1108,187,Rider Late,23:10:53
604,7804,538,739,Traffic Issue,16:31:29
605,2463,1071,979,Changed Plan,11:06:49
606,8345,494,858,Wrong Pickup,04:40:53
607,9386,750,460,Changed Plan,17:38:00
608,2533,1888,187,Changed Plan,01:45:53
609,9253,672,199,Rider Late,04:55:09
610,1243,1782,166,Rider Late,17:26:34
611,2130,1898,926,Wrong Pickup,11:42:02
612,4680,1755,961,Rider Late,12:18:35
613,2344,639,771,Rider Late,04:03:24
614,7408,661,697,Driver Late,22:26:00
615,171,1330,895,Changed Plan,22:28:28
616,8355,813,749,Driver Late,11:36:20
617,5999,1218,163,Rider Late,15:38:30
618,9253,1487,71,Driver Late,08:37:48
619,7429,735,525,Wrong Pickup,13:41:48
620,9593,1371,39,Driver Late,12:54:30
621,3605,1400,998,Driver Late,12:12:14
622,4058,1484,998,Traffic Issue,05:37:12
623,2681,1850,483,Driver Late,17:22:24
624,5562,1650,250,Driver Late,02:35:04
625,9931,1548,417,Driver Late,01:12:40
626,3987,933,103,Rider Late,10:15:11
627,8980,443,215,Changed Plan,12:52:15
628,2730,42,27,Traffic Issue,23:34:14
629,835,374,257,Changed Plan,00:33:14
630,1652,633,111,Driver Late,07:57:27
631,5812,1478,537,Driver Late,19:08:38
632,5104,1690,102,Traffic Issue,21:23:16
633,7954,1245,993,Wrong Pickup,02:40:37
634,7941,1750,616,Changed Plan,20:49:11
635,208,1970,424,Rider Late,08:42:47
636,9923,1057,391,Driver Late,15:00:24
637,7715,691,570,Wrong Pickup,18:28:18
638,7772,845,345,Changed Plan,12:19:46
639,9993,547,297,Rider Late,08:32:00
640,8802,1687,442,Driver Late,20:47:08
641,356,1702,112,Driver Late,19:50:17
642,6314,1109,245,Wrong Pickup,08:15:49
643,7145,1816,786,Rider Late,07:24:32
644,8608,572,878,Traffic Issue,11:47:19
645,7883,1126,558,Traffic Issue,02:24:32
646,8163,1880,520,Traffic Issue,18:42:58
647,3766,498,26,Wrong Pickup,22:50:18
648,1276,1371,885,Changed Plan,23:16:56
649,2078,912,171,Traffic Issue,23:10:30
650,5444,504,543,Traffic Issue,00:56:44
651,129,439,278,Rider Late,02:35:25
652,114,1102,244,Driver Late,10:17:19
653,2641,1695,835,Driver Late,02:08:29
654,1922,1179,928,Traffic Issue,00:14:36
655,4158,462,144,Driver Late,04:26:11
656,7749,1677,851,Traffic Issue,22:11:21
657,7314,615,382,Changed Plan,14:02:57
658,5358,793,935,Traffic Issue,10:37:44
659,5040,445,488,Changed Plan,11:38:49
660,6048,1124,940,Changed Plan,18:01:59
661,2024,1836,362,Wrong Pickup,15:10:30
662,3068,388,152,Wrong Pickup,14:50:15
663,6704,1424,570,Traffic Issue,13:03:12
664,6802,783,89,Changed Plan,23:16:20
665,3671,1286,733,Wrong Pickup,23:14:01
666,9210,769,170,Traffic Issue,04:00:03
667,1727,965,147,Traffic Issue,04:54:21
668,9203,1918,903,Traffic Issue,19:02:28
669,4599,1688,33,Driver Late,08:43:46
670,325,316,716,Rider Late,22:02:34
671,4499,1345,244,Driver Late,18:00:24
672,4297,1466,183,Wrong Pickup,04:48:36
673,2668,166,562,Changed Plan,01:30:08
674,3071,271,243,Traffic Issue,10:30:21
675,7823,164,638,Wrong Pickup,13:13:27
676,8577,1482,365,Driver Late,07:30:06
677,1258,876,691,Rider Late,06:03:18
678,5694,1986,236,Changed Plan,06:39:31
679,8172,733,160,Traffic Issue,02:33:00
680,711,1604,820,Changed Plan,11:46:00
681,5044,1970,702,Wrong Pickup,15:10:26
682,5113,184,437,Rider Late,23:55:52
683,2842,224,620,Driver Late,17:30:12
684,3759,1252,561,Wrong Pickup,15:31:07
685,1794,1830,761,Traffic Issue,00:13:52
686,5740,1058,268,Driver Late,15:48:17
687,7222,1429,553,Traffic Issue,12:12:55
688,2587,1974,735,Rider Late,20:15:17
689,350,875,289,Traffic Issue,01:54:18
690,8322,1912,443,Traffic Issue,16:43:38
691,7131,344,876,Changed Plan,23:07:00
692,5456,1113,128,Traffic Issue,02:37:04
693,4613,904,622,Traffic Issue,16:32:47
694,9942,1467,211,Changed Plan,21:52:47
695,3370,195,519,Driver Late,03:13:02
696,8561,1476,392,Wrong Pickup,22:44:28
697,346,1309,578,Traffic Issue,18:46:30
698,1979,1345,553,Changed Plan,06:27:46
699,9302,1081,130,Rider Late,01:18:01
700,1287,774,118,Driver Late,22:18:43
701,164,1530,376,Driver Late,18:21:32
702,3082,760,308,Traffic Issue,17:59:04
703,7730,632,572,Driver Late,18:13:57
704,7559,501,524,Rider Late,11:47:10
705,3182,457,528,Driver Late,20:59:25
706,9221,469,371,Traffic Issue,08:36:47
707,8694,622,105,Wrong Pickup,12:06:18
708,5057,1976,820,Traffic Issue,04:44:15
709,3574,1057,296,Traffic Issue,23:40:44
710,1161,957,829,Wrong Pickup,21:17:51
711,7543,360,220,Changed Plan,17:28:22
712,8303,1000,437,Traffic Issue,02:45:22
713,7421,77,50,Rider Late,09:33:45
714,1088,898,783,Traffic Issue,18:01:23
715,426,281,402,Driver Late,17:35:13
716,1560,467,641,Wrong Pickup,01:03:44
717,4489,1096,802,Wrong Pickup,08:21:30
718,8723,650,670,Rider Late,18:27:01
719,7720,1741,810,Changed Plan,02:58:30
720,4599,221,941,Changed Plan,18:03:05
721,4639,1569,967,Changed Plan,19:30:30
722,8440,1684,919,Wrong Pickup,20:06:01
723,9623,1522,485,Driver Late,03:51:09
724,9456,1686,992,Wrong Pickup,03:27:41
725,500,1937,435,Changed Plan,05:15:47
726,9124,1911,232,Changed Plan,15:41:15
727,4155,7,229,Wrong Pickup,12:16:13
728,5014,526,415,Changed Plan,00:33:35
729,3637,326,461,Rider Late,01:55:03
730,5049,1725,814,Traffic Issue,12:19:45
731,1846,1905,936,Changed Plan,18:12:18
732,7981,789,347,Rider Late,14:09:50
733,7598,606,311,Wrong Pickup,03:12:42
734,6352,719,294,Wrong Pickup,23:27:46
735,2771,909,636,Changed Plan,21:47:03
736,2875,1199,72,Changed Plan,07:44:11
737,9584,1793,513,Traffic Issue,09:18:24
738,7013,701,951,Driver Late,14:50:17
739,938,1923,135,Driver Late,22:38:14
740,1585,92,502,Rider Late,21:45:35
741,2356,279,415,Rider Late,21:18:57
742,3521,1974,911,Wrong Pickup,12:35:03
743,1567,289,466,Wrong Pickup,10:17:10
744,7382,314,653,Changed Plan,20:22:35
745,1721,809,914,Changed Plan,06:51:27
746,4182,1773,791,Rider Late,18:00:18
747,3558,430,600,Traffic Issue,12:53:17
748,736,1799,209,Driver Late,04:37:31
749,1188,1005,48,Changed Plan,08:51:29
750,6323,1986,647,Rider Late,08:51:07
751,8408,390,855,Changed Plan,16:53:07
752,9360,1302,737,Rider Late,19:55:29
753,640,1676,358,Driver Late,04:55:08
754,1798,1003,585,Traffic Issue,23:33:45
755,2213,1065,957,Rider Late,15:53:29
756,8396,807,519,Wrong Pickup,01:16:38
757,1878,61,812,Rider Late,11:31:58
758,7281,1973,162,Rider Late,15:16:36
759,8390,613,718,Wrong Pickup,16:16:05
760,847,184,128,Changed Plan,20:01:12
761,6591,1414,447,Wrong Pickup,13:12:43
762,7958,1041,946,Wrong Pickup,01:42:43
763,860,1597,168,Driver Late,01:54:48
764,6658,1984,389,Changed Plan,02:36:26
765,553,844,983,Rider Late,05:52:42
766,2149,131,200,Wrong Pickup,10:01:42
767,3530,1476,148,Wrong Pickup,09:10:32
768,9639,581,846,Traffic Issue,16:52:08
769,5891,988,33,Changed Plan,17:06:33
770,9241,1851,975,Changed Plan,07:25:55
771,8402,985,72,Driver Late,03:05:24
772,8947,1469,971,Traffic Issue,10:44:32
773,6621,1288,412,Driver Late,07:50:49
774,2978,1160,256,Rider Late,13:48:12
775,3875,1455,777,Traffic Issue,12:58:38
776,3916,483,45,Changed Plan,16:13:18
777,5519,1992,286,Changed Plan,13:08:13
778,9440,182,84,Driver Late,16:40:45
779,7299,172,639,Changed Plan,02:19:49
780,1985,135,496,Changed Plan,06:03:44
781,6618,1249,606,Changed Plan,11:34:36
782,7115,1087,354,Wrong Pickup,06:29:21
783,5181,1335,666,Changed Plan,12:47:10
784,9615,548,190,Traffic Issue,22:52:31
785,1517,1816,302,Wrong Pickup,00:15:04
786,4600,1047,490,Rider Late,03:53:13
787,7599,1016,134,Driver Late,17:40:41
788,1236,1699,822,Rider Late,22:06:24
789,5242,692,793,Driver Late,04:02:47
790,1848,1114,691,Changed Plan,04:03:45
791,8263,589,650,Rider Late,15:24:05
792,9265,1062,750,Rider Late,06:28:49
793,5730,1812,993,Wrong Pickup,02:48:34
794,3130,1352,513,Traffic Issue,21:29:16
795,718,1248,46,Driver Late,14:21:08
796,157,1930,254,Rider Late,12:21:39
797,3806,1093,545,Wrong Pickup,05:08:51
798,5565,1168,28,Driver Late,20:38:50
799,3083,1546,833,Traffic Issue,11:26:51
800,3516,309,899,Changed Plan,18:19:33
801,4044,799,851,Rider Late,01:23:04
802,7731,1811,448,Rider Late,12:46:45
803,4703,1269,914,Changed Plan,19:10:16
804,648,1656,397,Driver Late,12:40:05
805,8741,1469,259,Traffic Issue,08:32:43
806,8391,1005,237,Rider Late,12:33:50
807,2300,270,319,Wrong Pickup,09:40:24
808,4089,888,137,Traffic Issue,14:00:51
809,3837,1275,354,Rider Late,20:40:47
810,9487,1683,609,Rider Late,10:41:11
811,8523,25,992,Traffic Issue,07:17:49
812,8087,1993,268,Driver Late,03:10:48
813,6595,735,959,Wrong Pickup,08:33:43
814,4876,1005,336,Wrong Pickup,19:17:50
815,9747,5,146,Wrong Pickup,13:23:44
816,4018,1603,813,Changed Plan,22:50:48
817,3580,1668,273,Driver Late,04:16:47
818,23,584,714,Changed Plan,10:01:14
819,8358,473,852,Traffic Issue,18:34:19
820,3873,22,287,Rider Late,08:33:53
821,8132,804,180,Driver Late,05:48:42
822,439,1940,768,Changed Plan,21:38:37
823,3278,1603,557,Changed Plan,20:50:24
824,8688,1759,7,Rider Late,09:08:28
825,8058,1107,36,Wrong Pickup,20:57:14
826,3692,455,149,Driver Late,17:46:15
827,1300,1193,227,Changed Plan,02:31:22
828,9514,228,818,Rider Late,13:13:36
829,2710,595,31,Wrong Pickup,12:14:09
830,4413,743,905,Wrong Pickup,12:24:41
831,8932,889,408,Driver Late,10:20:03
832,642,997,687,Traffic Issue,06:06:41
833,6374,169,762,Changed Plan,16:37:56
834,8678,250,399,Rider Late,23:25:58
835,4275,913,475,Traffic Issue,03:18:48
836,7849,1605,199,Traffic Issue,18:16:44
837,1679,919,472,Driver Late,15:43:43
838,8196,1258,321,Changed Plan,16:51:50
839,1316,1491,924,Changed Plan,10:43:07
840,6628,1412,812,Wrong Pickup,02:15:01
841,608,688,670,Driver Late,01:23:54
842,3361,516,869,Traffic Issue,02:19:22
843,1848,987,280,Traffic Issue,12:23:42
844,3730,476,541,Wrong Pickup,06:04:40
845,9096,644,638,Wrong Pickup,14:07:26
846,1889,89,102,Changed Plan,17:47:55
847,3619,1566,651,Changed Plan,11:26:04
848,2654,1721,86,Wrong Pickup,06:24:02
849,5440,1552,848,Driver Late,01:50:43
850,4585,826,520,Rider Late,13:19:53
851,731,1519,587,Changed Plan,13:55:00
852,7822,1911,51,Changed Plan,02:47:32
853,9740,94,687,Driver Late,18:40:29
854,8468,1747,988,Wrong Pickup,19:54:27
855,8080,632,472,Wrong Pickup,17:23:08
856,9151,83,145,Rider Late,10:46:25
857,1733,854,226,Rider Late,00:14:03
858,6128,509,688,Driver Late,15:54:16
859,6669,865,280,Rider Late,21:55:33
860,6417,561,229,Driver Late,09:18:18
861,1928,1201,147,Rider Late,18:32:47
862,5221,1466,60,Rider Late,04:38:38
863,9602,155,441,Traffic Issue,17:27:40
864,4364,1266,473,Changed Plan,19:17:51
865,8366,18,830,Changed Plan,23:57:50
866,5907,318,635,Rider Late,05:01:12
867,5086,873,940,Traffic Issue,13:09:56
868,6068,1305,65,Traffic Issue,17:36:54
869,9409,1525,257,Rider Late,08:01:46
870,675,116,575,Driver Late,14:37:05
871,5653,1785,429,Wrong Pickup,08:56:13
872,4188,1156,746,Rider Late,09:54:07
873,6792,835,407,Rider Late,13:32:22
874,3257,825,716,Driver Late,19:19:51
875,963,247,168,Rider Late,07:04:50
876,1086,1168,44,Changed Plan,03:11:40
877,2874,1164,417,Wrong Pickup,16:46:43
878,7301,1592,89,Rider Late,02:11:59
879,1153,597,483,Traffic Issue,23:43:01
880,4137,818,229,Wrong Pickup,19:02:10
881,8532,1914,135,Wrong Pickup,22:59:34
882,1817,77,327,Rider Late,11:14:39
883,7736,1705,194,Driver Late,19:37:15
884,4262,70,417,Driver Late,06:46:05
885,840,717,442,Wrong Pickup,20:08:28
886,7311,743,805,Traffic Issue,02:12:03
887,2510,1169,799,Changed Plan,08:52:24
888,4769,381,606,Wrong Pickup,19:38:35
889,4320,974,630,Traffic Issue,01:30:45
890,1882,1601,152,Driver Late,03:14:10
891,4000,1772,737,Driver Late,16:56:30
892,9664,1577,239,Changed Plan,20:24:10
893,5200,336,391,Traffic Issue,18:29:58
894,6675,1162,22,Wrong Pickup,12:40:04
895,9549,277,646,Changed Plan,15:48:43
896,5421,546,762,Wrong Pickup,12:46:30
897,994,280,527,Traffic Issue,16:54:45
898,6677,1669,359,Wrong Pickup,03:09:43
899,7292,884,735,Wrong Pickup,11:29:10
900,2043,1118,72,Traffic Issue,11:52:18
901,4649,774,164,Changed Plan,23:18:40
902,7957,494,546,Driver Late,18:53:00
903,1689,1336,329,Driver Late,18:00:46
904,1924,439,723,Traffic Issue,18:40:22
905,4335,1441,485,Traffic Issue,06:56:24
906,4678,1993,36,Rider Late,14:16:59
907,6599,350,458,Driver Late,05:43:28
908,478,179,895,Wrong Pickup,12:51:29
909,5552,390,201,Changed Plan,12:10:22
910,3046,1335,495,Wrong Pickup,22:59:22
911,8681,501,884,Driver Late,11:43:53
912,4807,943,564,Wrong Pickup,11:45:45
913,6293,605,309,Traffic Issue,20:26:22
914,6736,534,418,Changed Plan,06:14:53
915,9182,1115,19,Driver Late,02:55:50
916,1946,857,225,Wrong Pickup,06:35:15
917,3420,325,125,Rider Late,02:29:51
918,3374,275,76,Wrong Pickup,13:07:18
919,6836,1233,784,Wrong Pickup,16:49:44
920,8760,134,54,Changed Plan,20:43:41
921,4618,1615,499,Changed Plan,09:55:15
922,6100,187,667,Changed Plan,09:59:41
923,8246,789,952,Driver Late,20:41:44
924,2066,1797,467,Changed Plan,13:44:11
925,9583,600,274,Rider Late,16:54:40
926,5103,49,900,Driver Late,06:48:38
927,6168,1714,444,Rider Late,18:37:55
928,4991,317,489,Traffic Issue,11:53:25
929,7817,668,25,Wrong Pickup,09:59:53
930,863,103,590,Wrong Pickup,04:38:14
931,4834,95,535,Changed Plan,17:50:33
932,4124,1926,116,Driver Late,15:14:18
933,3463,436,812,Driver Late,07:26:37
934,130,848,491,Traffic Issue,01:29:13
935,5018,848,993,Wrong Pickup,15:49:35
936,9470,1771,303,Wrong Pickup,09:01:29
937,4804,270,508,Traffic Issue,05:33:47
938,1406,1191,16,Traffic Issue,17:06:08
939,1977,559,386,Traffic Issue,10:38:04
940,416,1699,211,Driver Late,19:01:33
941,7419,1089,181,Driver Late,09:47:46
942,4656,897,646,Driver Late,20:13:16
943,3265,1797,280,Traffic Issue,10:57:42
944,2523,1738,530,Driver Late,05:56:58
945,6542,1545,645,Traffic Issue,22:23:19
946,6434,925,433,Changed Plan,14:52:59
947,1864,1500,271,Wrong Pickup,03:57:56
948,1724,233,708,Driver Late,22:55:18
949,4555,529,526,Rider Late,04:07:21
950,5161,25,177,Changed Plan,11:36:28
951,5195,1637,26,Traffic Issue,11:17:02
952,7854,990,431,Rider Late,20:25:56
953,9671,171,599,Changed Plan,09:07:52
954,6540,299,813,Changed Plan,15:15:58
955,8050,22,571,Changed Plan,06:35:50
956,2335,1197,595,Rider Late,23:39:42
957,7275,1429,423,Driver Late,11:19:27
958,8061,1866,149,Driver Late,17:55:00
959,8099,856,493,Driver Late,04:20:01
960,3339,1650,124,Driver Late,04:22:16
961,6747,391,58,Traffic Issue,06:19:32
962,3587,1304,880,Changed Plan,05:23:21
963,9929,650,360,Rider Late,20:28:16
964,649,244,992,Wrong Pickup,15:12:46
965,8141,1796,778,Traffic Issue,00:13:27
966,6663,1147,266,Rider Late,15:36:38
967,5435,310,972,Rider Late,08:59:37
968,5276,391,406,Driver Late,02:21:59
969,8940,633,313,Rider Late,09:35:25
970,3257,525,536,Wrong Pickup,18:54:01
971,3056,643,799,Driver Late,17:49:25
972,8769,838,251,Wrong Pickup,21:31:25
973,4791,307,633,Changed Plan,15:08:20
974,2250,1026,818,Traffic Issue,23:50:56
975,9855,1691,575,Changed Plan,09:10:38
976,6230,1892,34,Traffic Issue,23:00:36
977,6715,1169,635,Wrong Pickup,22:28:03
978,3373,1082,714,Wrong Pickup,19:01:08
979,4669,1601,484,Rider Late,01:50:45
980,4066,134,771,Traffic Issue,01:07:48
981,9889,844,484,Rider Late,12:52:54
982,9307,1905,229,Wrong Pickup,00:45:36
983,3114,1235,261,Traffic Issue,14:53:45
984,5310,1738,524,Traffic Issue,05:34:45
985,4814,1453,702,Traffic Issue,06:04:45
986,430,654,644,Driver Late,06:23:21
987,5228,1075,560,Changed Plan,20:39:58
988,9479,1783,658,Changed Plan,21:28:25
989,4103,955,617,Rider Late,15:32:56
990,1981,270,622,Rider Late,06:10:45
991,9063,260,892,Rider Late,23:33:54
992,3553,37,404,Traffic Issue,18:21:02
993,9447,537,811,Changed Plan,04:28:52
994,7262,1677,941,Changed Plan,00:24:18
995,6869,3,186,Changed Plan,09:19:18
996,7715,723,21,Traffic Issue,10:11:29
997,5756,1710,233,Rider Late,18:24:21
998,2314,1463,271,Driver Late,23:10:59
999,4341,203,241,Rider Late,23:28:49
1000,7405,1582,952,Traffic Issue,03:49:38
1001,9549,554,514,Rider Late,08:17:50
1002,4371,1444,865,Rider Late,12:40:26
1003,3665,199,900,Driver Late,21:39:48
1004,9236,507,33,Changed Plan,19:35:43
1005,2731,932,853,Driver Late,02:25:40
1006,41,2000,587,Traffic Issue,16:09:40
1007,935,692,413,Rider Late,04:52:37
1008,1915,1232,875,Wrong Pickup,05:13:56
1009,2947,793,841,Changed Plan,08:08:42
1010,2594,1832,633,Driver Late,08:45:42
1011,3203,1929,256,Wrong Pickup,01:06:44
1012,8109,1043,844,Traffic Issue,12:21:19
1013,1507,979,815,Changed Plan,05:34:49
1014,7977,1293,917,Changed Plan,09:21:38
1015,2069,511,895,Wrong Pickup,13:32:49
1016,7762,1377,523,Driver Late,01:04:07
1017,8824,1436,878,Traffic Issue,10:06:38
1018,2615,1116,980,Traffic Issue,00:18:06
1019,3508,1424,708,Traffic Issue,03:12:29
1020,8979,763,797,Traffic Issue,08:52:53
1021,5268,1737,747,Wrong Pickup,18:00:37
1022,689,1679,85,Rider Late,03:25:32
1023,1718,1414,362,Changed Plan,01:31:17
1024,4450,771,121,Rider Late,23:55:36
1025,2092,40,810,Traffic Issue,06:46:54
1026,618,1032,893,Wrong Pickup,11:16:06
1027,9298,1274,930,Rider Late,12:13:52
1028,7530,181,157,Driver Late,13:56:09
1029,5273,1033,740,Rider Late,19:08:14
1030,8909,1099,715,Rider Late,04:31:30
1031,4772,724,204,Rider Late,18:01:57
1032,4632,1484,381,Driver Late,07:50:52
1033,6440,1748,212,Traffic Issue,07:43:54
1034,6682,1998,450,Driver Late,13:53:17
1035,6894,1070,314,Wrong Pickup,18:44:39
1036,104,1371,106,Rider Late,08:47:18
1037,1015,736,182,Wrong Pickup,23:35:55
1038,7653,1464,395,Rider Late,10:44:17
1039,5544,706,939,Changed Plan,16:39:20
1040,6220,1036,338,Changed Plan,04:40:14
1041,1765,1586,103,Driver Late,16:49:35
1042,9087,1355,289,Driver Late,16:49:11
1043,9397,1392,516,Rider Late,23:46:13
1044,9692,415,558,Driver Late,16:12:55
1045,5248,1522,98,Wrong Pickup,20:42:46
1046,1905,126,677,Changed Plan,16:27:35
1047,107,1710,661,Changed Plan,04:24:52
1048,4232,1927,327,Driver Late,19:55:48
1049,4994,1111,551,Traffic Issue,18:26:07
1050,7755,626,687,Rider Late,01:54:19
1051,8672,1824,875,Traffic Issue,07:49:00
1052,432,1581,637,Wrong Pickup,00:52:39
1053,8441,177,380,Wrong Pickup,10:03:23
1054,7565,957,435,Driver Late,14:45:32
1055,4909,780,933,Driver Late,00:05:18
1056,1864,909,15,Rider Late,20:24:41
1057,1518,1406,180,Changed Plan,17:37:11
1058,4877,1847,390,Traffic Issue,07:16:02
1059,9626,299,964,Rider Late,10:09:45
1060,8175,862,921,Wrong Pickup,21:53:02
1061,4504,1107,949,Rider Late,11:42:30
1062,7377,264,254,Wrong Pickup,02:32:36
1063,6224,802,644,Rider Late,07:46:16
1064,3666,1873,483,Wrong Pickup,16:05:49
1065,1037,1275,893,Driver Late,05:53:57
1066,8739,80,40,Changed Plan,05:23:51
1067,3052,1095,746,Driver Late,15:37:35
1068,6625,77,631,Wrong Pickup,17:01:37
1069,74,601,269,Driver Late,20:05:12
1070,5099,1504,534,Traffic Issue,03:25:55
1071,5674,1093,652,Wrong Pickup,12:47:18
1072,5617,20,216,Wrong Pickup,06:35:40
1073,4080,100,866,Traffic Issue,02:28:28
1074,5437,1882,687,Changed Plan,12:45:55
1075,9465,252,762,Driver Late,22:59:36
1076,3268,1077,760,Driver Late,14:41:34
1077,753,1455,772,Driver Late,05:49:03
1078,2042,380,648,Wrong Pickup,09:48:14
1079,1772,494,183,Driver Late,08:55:24
1080,5819,1285,235,Rider Late,19:07:24
1081,183,310,660,Changed Plan,01:28:37
1082,9054,1275,524,Rider Late,11:35:29
1083,8959,1941,315,Driver Late,12:18:59
1084,4944,763,493,Traffic Issue,09:38:09
1085,5986,549,893,Rider Late,23:09:13
1086,4418,1682,51,Driver Late,14:35:39
1087,5062,1475,721,Traffic Issue,00:35:04
1088,3844,416,2,Traffic Issue,09:42:14
1089,9614,724,52,Changed Plan,19:02:35
1090,239,993,279,Changed Plan,01:44:08
1091,8996,1671,45,Driver Late,13:20:01
1092,7134,1121,728,Changed Plan,12:05:18
1093,7341,516,507,Rider Late,02:31:13
1094,9934,1889,787,Driver Late,23:55:52
1095,9893,789,890,Rider Late,08:54:42
1096,6208,1794,773,Rider Late,22:55:35
1097,3866,767,349,Driver Late,23:15:07
1098,7660,55,720,Changed Plan,10:16:40
1099,1823,766,355,Driver Late,15:50:24
1100,9106,457,510,Rider Late,17:54:42
1101,4636,360,898,Rider Late,21:40:00
1102,9302,940,528,Changed Plan,10:12:09
1103,1703,1546,233,Rider Late,04:39:59
1104,2422,1118,462,Wrong Pickup,15:47:20
1105,4905,1507,453,Wrong Pickup,16:42:33
1106,6719,1210,326,Wrong Pickup,03:40:20
1107,4434,581,561,Driver Late,20:27:34
1108,8097,39,250,Rider Late,12:30:57
1109,8685,90,992,Traffic Issue,02:53:48
1110,3782,142,425,Wrong Pickup,09:55:52
1111,2935,430,182,Driver Late,16:22:18
1112,7697,1242,574,Rider Late,17:43:24
1113,2037,494,834,Changed Plan,12:16:25
1114,250,835,501,Rider Late,10:54:33
1115,9860,313,49,Driver Late,01:52:14
1116,7469,219,256,Traffic Issue,20:53:13
1117,480,1858,14,Rider Late,09:03:27
1118,9976,1140,379,Wrong Pickup,11:32:23
1119,4783,823,473,Driver Late,10:11:50
1120,2050,929,771,Changed Plan,00:32:41
1121,6293,1680,973,Changed Plan,10:38:03
1122,709,1340,351,Driver Late,11:12:31
1123,8943,736,543,Driver Late,08:04:14
1124,5378,1008,858,Changed Plan,02:56:11
1125,6572,855,49,Driver Late,13:07:46
1126,6555,1717,937,Wrong Pickup,02:51:18
1127,9605,569,755,Driver Late,13:24:09
1128,5474,1290,978,Driver Late,10:40:16
1129,993,764,536,Changed Plan,06:31:02
1130,6391,1832,88,Traffic Issue,14:17:17
1131,5437,857,903,Changed Plan,07:23:56
1132,2929,82,819,Rider Late,18:48:14
1133,7435,1307,154,Driver Late,16:59:36
1134,4535,1072,488,Driver Late,04:38:14
1135,8796,745,339,Driver Late,18:26:00
1136,8624,777,116,Rider Late,09:05:19
1137,2717,1574,266,Traffic Issue,16:06:12
1138,922,945,500,Changed Plan,10:46:36
1139,3918,1175,103,Changed Plan,05:04:43
1140,7219,1200,937,Rider Late,00:54:59
1141,6717,1214,204,Driver Late,23:50:28
1142,1777,1145,593,Wrong Pickup,21:39:54
1143,8377,1780,215,Driver Late,07:36:21
1144,337,1389,70,Changed Plan,06:02:29
1145,8908,151,977,Changed Plan,11:43:22
1146,6490,1957,947,Traffic Issue,08:58:21
1147,3689,617,197,Driver Late,11:04:49
1148,8870,492,54,Rider Late,14:30:05
1149,465,965,748,Wrong Pickup,04:47:04
1150,944,1397,278,Driver Late,23:17:41
1151,3401,616,725,Driver Late,01:40:00
1152,7419,708,551,Wrong Pickup,15:54:34
1153,8152,1044,801,Driver Late,20:34:03
1154,7101,1312,551,Traffic Issue,05:28:09
1155,158,376,905,Changed Plan,10:53:08
1156,6914,1039,477,Driver Late,02:22:02
1157,319,1896,77,Traffic Issue,06:06:06
1158,6057,1229,726,Changed Plan,19:58:14
1159,2496,369,794,Changed Plan,08:11:11
1160,5582,1045,219,Changed Plan,07:23:37
1161,5793,652,441,Changed Plan,20:51:19
1162,7173,5,590,Wrong Pickup,22:58:29
1163,1840,427,216,Changed Plan,16:20:59
1164,2774,324,257,Rider Late,16:42:37
1165,2936,915,171,Traffic Issue,12:23:52
1166,1486,1916,786,Changed Plan,19:56:01
1167,3215,42,710,Driver Late,19:57:18
1168,521,1054,388,Traffic Issue,19:21:40
1169,9431,680,44,Changed Plan,02:11:41
1170,8485,441,415,Wrong Pickup,10:11:04
1171,3984,1377,432,Changed Plan,03:53:19
1172,757,1255,169,Traffic Issue,23:19:01
1173,6158,520,586,Wrong Pickup,12:00:18
1174,5020,1973,276,Traffic Issue,06:38:31
1175,6297,707,83,Traffic Issue,22:25:15
1176,3269,1109,464,Wrong Pickup,01:04:00
1177,2225,206,1000,Driver Late,05:56:45
1178,1890,1600,242,Changed Plan,15:26:46
1179,3469,678,596,Traffic Issue,06:42:38
1180,1849,698,691,Changed Plan,00:55:15
1181,5492,944,649,Driver Late,14:11:12
1182,871,1722,25,Rider Late,20:18:04
1183,3879,1558,499,Traffic Issue,05:29:22
1184,567,1884,521,Traffic Issue,17:56:10
1185,3005,1048,752,Rider Late,07:44:41
1186,3827,1214,493,Wrong Pickup,08:58:14
1187,7416,1099,126,Driver Late,08:33:26
1188,4693,1108,455,Driver Late,15:07:46
1189,2071,661,329,Wrong Pickup,03:23:45
1190,8349,1310,827,Driver Late,22:08:18
1191,1077,1436,42,Wrong Pickup,22:45:59
1192,6416,1492,401,Traffic Issue,04:46:08
1193,8663,22,597,Rider Late,00:46:42
1194,1958,324,226,Changed Plan,01:21:21
1195,5484,1614,829,Rider Late,00:08:39
1196,5458,1692,163,Changed Plan,06:26:01
1197,3051,315,839,Changed Plan,06:45:03
1198,3361,1376,731,Driver Late,10:31:51
1199,187,1768,553,Driver Late,05:14:47
1200,8041,156,555,Traffic Issue,04:07:02
1201,3894,927,475,Changed Plan,16:06:50
1202,3686,649,369,Changed Plan,10:18:20
1203,5100,538,542,Traffic Issue,10:44:45
1204,7508,434,812,Rider Late,17:47:25
1205,3414,704,615,Traffic Issue,22:39:08
1206,4160,1645,164,Wrong Pickup,11:35:11
1207,7652,797,281,Wrong Pickup,01:38:31
1208,9056,1569,722,Rider Late,14:35:44
1209,4401,1320,904,Rider Late,16:29:51
1210,5614,178,642,Changed Plan,00:54:14
1211,6947,778,172,Driver Late,17:37:34
1212,1365,62,643,Wrong Pickup,04:42:45
1213,1289,1647,456,Traffic Issue,14:28:37
1214,8811,232,816,Changed Plan,08:27:56
1215,8135,555,275,Rider Late,09:32:24
1216,4012,1234,729,Rider Late,16:13:20
1217,2635,48,537,Wrong Pickup,04:44:05
1218,42,1535,507,Traffic Issue,14:43:04
1219,6764,1718,732,Rider Late,19:51:24
1220,314,1810,168,Rider Late,10:23:19
1221,735,1543,39,Wrong Pickup,03:23:33
1222,7466,62,705,Traffic Issue,19:45:54
1223,7029,181,352,Traffic Issue,19:26:08
1224,7561,844,508,Rider Late,16:20:35
1225,3743,1420,525,Changed Plan,09:31:10
1226,4345,1264,779,Changed Plan,16:46:30
1227,8520,892,150,Changed Plan,10:35:25
1228,2266,929,863,Changed Plan,01:19:36
1229,6006,1746,55,Traffic Issue,23:57:29
1230,3684,1804,20,Rider Late,17:30:14
1231,5826,108,62,Traffic Issue,09:50:11
1232,7664,1001,292,Wrong Pickup,06:15:38
1233,3602,31,991,Traffic Issue,15:01:23
1234,7812,1518,209,Changed Plan,22:31:32
1235,9537,778,91,Rider Late,23:30:26
1236,2179,126,45,Changed Plan,03:46:11
1237,6618,1164,571,Wrong Pickup,19:46:53
1238,9410,1246,97,Traffic Issue,04:48:34
1239,4704,1016,231,Driver Late,08:36:37
1240,5496,919,517,Changed Plan,10:12:24
1241,3976,435,286,Wrong Pickup,02:39:16
1242,8323,446,841,Driver Late,23:10:18
1243,3438,1837,627,Changed Plan,05:59:04
1244,1158,1753,342,Rider Late,05:33:31
1245,1229,1216,314,Driver Late,06:06:35
1246,7024,1063,875,Driver Late,03:22:44
1247,8906,515,539,Traffic Issue,18:42:54
1248,7195,985,906,Changed Plan,05:39:44
1249,5352,402,867,Wrong Pickup,16:12:52
1250,4698,1675,582,Driver Late,02:34:10
1251,9744,1739,249,Changed Plan,08:36:19
1252,353,219,982,Driver Late,06:21:24
1253,7367,749,446,Wrong Pickup,18:45:42
1254,2250,294,84,Driver Late,11:51:49
1255,7345,316,506,Changed Plan,00:51:10
1256,6787,640,261,Wrong Pickup,04:58:33
1257,2393,1151,107,Driver Late,06:54:42
1258,8938,1661,269,Traffic Issue,23:11:10
1259,6507,819,940,Rider Late,11:45:10
1260,995,74,657,Rider Late,06:50:29
1261,882,1940,972,Driver Late,01:58:09
1262,9557,1861,825,Changed Plan,05:45:32
1263,2686,1696,239,Traffic Issue,08:16:47
1264,4563,202,359,Traffic Issue,19:09:53
1265,7741,796,865,Rider Late,01:25:13
1266,2442,756,966,Traffic Issue,17:17:25
1267,1740,166,808,Changed Plan,20:43:37
1268,9965,1139,599,Driver Late,00:28:21
1269,1977,921,14,Driver Late,09:26:20
1270,1256,629,184,Traffic Issue,11:22:14
1271,3007,1979,970,Rider Late,21:36:07
1272,1365,1091,745,Changed Plan,06:08:16
1273,4200,689,399,Traffic Issue,05:33:33
1274,4090,1676,264,Driver Late,23:18:23
1275,9087,1017,281,Wrong Pickup,15:01:11
1276,8771,756,220,Wrong Pickup,12:31:16
1277,8920,1570,378,Rider Late,01:43:03
1278,6399,1726,620,Wrong Pickup,15:34:48
1279,7089,524,445,Rider Late,13:34:21
1280,7030,1646,411,Rider Late,21:32:04
1281,9748,1412,269,Rider Late,08:38:30
1282,9168,913,969,Traffic Issue,00:03:57
1283,5611,1378,197,Changed Plan,11:42:33
1284,2744,1649,747,Driver Late,02:18:46
1285,7222,1755,950,Rider Late,06:08:17
1286,8023,1760,734,Rider Late,23:18:56
1287,5526,1475,399,Driver Late,19:28:25
1288,841,1987,498,Rider Late,00:25:02
1289,797,143,450,Changed Plan,10:17:52
1290,9382,1744,662,Changed Plan,01:08:22
1291,4966,1545,906,Changed Plan,03:02:11
1292,584,1080,906,Rider Late,21:10:17
1293,4946,116,499,Wrong Pickup,17:15:55
1294,4383,1139,838,Rider Late,00:45:14
1295,8298,796,874,Traffic Issue,07:37:33
1296,1395,1219,36,Wrong Pickup,06:59:01
1297,3028,72,619,Changed Plan,03:08:40
1298,6302,136,403,Wrong Pickup,13:13:19
1299,4924,1124,755,Traffic Issue,01:46:25
1300,4581,1389,899,Rider Late,09:45:48
1301,7349,518,282,Wrong Pickup,19:04:31
1302,779,1164,173,Rider Late,19:16:32
1303,8076,447,46,Driver Late,23:32:20
1304,5986,1404,961,Rider Late,00:09:03
1305,744,885,563,Changed Plan,03:38:52
1306,8121,753,515,Changed Plan,23:00:32
1307,2687,273,582,Driver Late,22:11:25
1308,6219,117,307,Changed Plan,03:37:32
1309,7133,854,409,Changed Plan,19:36:20
1310,3771,1329,630,Changed Plan,11:32:48
1311,8584,1178,371,Rider Late,05:07:54
1312,4519,1449,442,Driver Late,04:54:41
1313,2444,1092,142,Rider Late,10:23:08
1314,4128,168,82,Rider Late,19:46:43
1315,5139,388,165,Rider Late,08:08:34
1316,2399,1433,779,Rider Late,20:04:20
1317,9745,1915,570,Changed Plan,00:57:50
1318,2179,1221,531,Wrong Pickup,07:03:28
1319,3865,1612,727,Rider Late,17:11:55
1320,7462,176,735,Wrong Pickup,10:49:00
1321,8563,731,178,Wrong Pickup,17:04:37
1322,191,633,710,Driver Late,07:57:28
1323,9369,1486,473,Traffic Issue,06:56:21
1324,9050,1559,989,Wrong Pickup,23:07:42
1325,9163,532,650,Changed Plan,18:02:25
1326,2522,1373,539,Traffic Issue,00:27:42
1327,556,495,732,Traffic Issue,13:52:32
1328,4162,1951,849,Rider Late,14:42:12
1329,6998,750,958,Rider Late,06:21:22
1330,3998,918,26,Traffic Issue,22:19:05
1331,6026,418,934,Traffic Issue,22:12:17
1332,6660,626,123,Driver Late,14:43:08
1333,4024,1948,505,Changed Plan,13:32:57
1334,8780,1246,156,Changed Plan,23:19:44
1335,5624,1217,39,Changed Plan,12:18:05
1336,2855,1644,359,Driver Late,17:43:48
1337,1056,1963,4,Traffic Issue,01:24:44
1338,3211,921,926,Traffic Issue,19:12:18
1339,747,769,281,Traffic Issue,20:57:42
1340,8956,1271,635,Driver Late,06:52:59
1341,6397,900,154,Wrong Pickup,15:18:42
1342,6932,865,470,Traffic Issue,13:08:34
1343,4566,259,573,Wrong Pickup,19:06:02
1344,6559,1271,258,Driver Late,12:30:03
1345,8114,1642,287,Rider Late,23:12:44
1346,3097,1266,783,Driver Late,23:11:54
1347,5270,1276,252,Rider Late,13:44:46
1348,955,1525,4,Changed Plan,12:35:24
1349,4859,681,959,Traffic Issue,00:14:01
1350,6559,1031,695,Traffic Issue,03:34:02
1351,6316,944,250,Wrong Pickup,02:29:59
1352,979,1305,729,Driver Late,07:05:17
1353,7747,897,854,Rider Late,02:36:45
1354,5211,1335,228,Traffic Issue,01:38:35
1355,5800,1087,833,Wrong Pickup,15:28:40
1356,2360,459,124,Rider Late,08:14:13
1357,2369,1569,437,Rider Late,07:52:05
1358,1562,1893,949,Traffic Issue,00:26:51
1359,6695,636,694,Traffic Issue,00:54:30
1360,3060,422,913,Driver Late,02:40:40
1361,5701,1887,122,Changed Plan,11:51:34
1362,4293,500,430,Wrong Pickup,15:23:58
1363,6706,733,394,Changed Plan,10:25:29
1364,5229,709,301,Rider Late,19:36:36
1365,5723,230,998,Traffic Issue,04:57:21
1366,3062,456,507,Driver Late,21:43:11
1367,1204,1796,230,Driver Late,00:20:19
1368,1598,1845,584,Changed Plan,07:22:42
1369,9471,1764,829,Traffic Issue,13:00:22
1370,2008,210,908,Wrong Pickup,14:43:21
1371,7513,882,455,Rider Late,12:55:12
1372,5261,449,145,Traffic Issue,23:35:42
1373,7440,1148,198,Changed Plan,08:42:23
1374,1122,1222,718,Driver Late,10:20:35
1375,8560,1231,341,Traffic Issue,08:54:45
1376,9683,550,20,Rider Late,13:14:30
1377,5975,1372,132,Driver Late,21:43:32
1378,2417,556,862,Rider Late,22:10:39
1379,443,1111,756,Changed Plan,11:01:31
1380,7314,332,496,Driver Late,21:25:10
1381,8375,1778,770,Wrong Pickup,09:00:54
1382,5405,683,513,Driver Late,21:48:43
1383,9308,1700,877,Driver Late,03:49:55
1384,4682,303,868,Wrong Pickup,10:56:55
1385,4535,74,401,Traffic Issue,19:12:10
1386,380,620,817,Traffic Issue,16:21:10
1387,6270,1064,8,Driver Late,18:22:13
1388,7513,1644,299,Traffic Issue,07:58:30
1389,3056,1303,728,Wrong Pickup,18:21:42
1390,1199,428,128,Traffic Issue,02:55:31
1391,9250,152,585,Wrong Pickup,04:29:27
1392,2300,1786,434,Changed Plan,05:32:55
1393,5255,1373,149,Traffic Issue,11:26:35
1394,1931,1719,642,Rider Late,23:07:16
1395,280,751,343,Wrong Pickup,03:51:32
1396,3183,1060,700,Changed Plan,13:23:17
1397,7146,1118,760,Changed Plan,23:50:50
1398,1644,206,603,Wrong Pickup,09:03:11
1399,7306,986,506,Rider Late,03:55:08
1400,6394,1722,34,Rider Late,23:55:25
1401,8719,628,273,Rider Late,22:31:35
1402,7920,1455,193,Wrong Pickup,04:27:00
1403,1328,68,399,Wrong Pickup,13:33:40
1404,7986,366,880,Changed Plan,08:21:30
1405,9606,1238,55,Changed Plan,18:46:36
1406,5636,754,389,Rider Late,08:18:45
1407,1487,1515,960,Traffic Issue,20:46:20
1408,7303,1542,376,Changed Plan,12:32:37
1409,5297,520,400,Changed Plan,16:27:17
1410,5900,225,176,Traffic Issue,08:35:11
1411,9765,1458,765,Wrong Pickup,20:06:54
1412,3878,236,796,Changed Plan,18:47:30
1413,5525,1821,29,Traffic Issue,05:04:12
1414,6551,1829,816,Changed Plan,11:26:50
1415,235,1923,308,Changed Plan,01:12:03
1416,8720,142,880,Wrong Pickup,10:38:08
1417,2132,1664,27,Changed Plan,01:07:04
1418,7954,1170,29,Driver Late,17:18:58
1419,9234,1428,663,Driver Late,12:57:02
1420,242,1877,716,Driver Late,17:26:50
1421,5724,1595,760,Changed Plan,18:36:42
1422,2768,1739,977,Traffic Issue,13:55:40
1423,4858,535,221,Rider Late,06:26:07
1424,2347,907,576,Driver Late,00:16:58
1425,6219,161,298,Rider Late,17:59:29
1426,8742,600,837,Traffic Issue,07:00:11
1427,4019,1810,348,Traffic Issue,19:47:25
1428,1971,1771,636,Driver Late,00:38:18
1429,5421,1080,760,Rider Late,06:53:07
1430,1423,865,569,Driver Late,23:38:35
1431,3595,10,716,Rider Late,00:51:29
1432,1913,546,992,Traffic Issue,07:12:16
1433,2436,598,901,Driver Late,23:44:10
1434,3036,646,550,Traffic Issue,14:30:51
1435,4295,603,401,Traffic Issue,21:46:45
1436,5970,372,19,Driver Late,21:15:57
1437,1491,55,327,Rider Late,20:36:06
1438,7538,1531,971,Rider Late,11:52:03
1439,3228,291,809,Changed Plan,06:17:44
1440,4861,453,290,Changed Plan,07:55:29
1441,1554,958,419,Traffic Issue,09:49:17
1442,7186,829,404,Wrong Pickup,05:02:31
1443,1200,1286,18,Driver Late,07:17:46
1444,9972,561,600,Changed Plan,00:55:35
1445,3443,1722,542,Wrong Pickup,16:51:15
1446,6312,678,973,Changed Plan,20:15:18
1447,7170,372,14,Rider Late,06:49:37
1448,3422,1438,923,Wrong Pickup,11:56:51
1449,1640,1039,262,Changed Plan,10:58:20
1450,8666,919,731,Traffic Issue,14:08:09
1451,1343,314,634,Driver Late,08:37:48
1452,9563,921,946,Wrong Pickup,16:52:58
1453,2594,1527,653,Wrong Pickup,09:45:05
1454,5650,753,864,Changed Plan,00:30:53
1455,9618,618,999,Traffic Issue,07:50:25
1456,3953,322,358,Traffic Issue,13:49:38
1457,5304,240,732,Changed Plan,12:40:44
1458,8178,1403,709,Wrong Pickup,08:55:44
1459,2697,1946,50,Rider Late,00:34:27
1460,6892,135,814,Rider Late,23:28:35
1461,9624,326,437,Wrong Pickup,07:53:05
1462,2949,882,262,Traffic Issue,10:04:53
1463,7764,377,806,Rider Late,19:43:35
1464,3553,650,89,Traffic Issue,00:42:48
1465,467,1110,632,Changed Plan,22:59:53
1466,7286,243,584,Changed Plan,14:45:01
1467,1043,1561,773,Driver Late,23:33:07
1468,8910,489,356,Rider Late,20:22:10
1469,5916,1520,996,Changed Plan,06:41:44
1470,345,218,130,Rider Late,09:06:00
1471,6834,1863,169,Driver Late,10:18:01
1472,1095,207,878,Driver Late,23:32:55
1473,226,1666,693,Wrong Pickup,16:18:58
1474,2941,1153,710,Rider Late,19:43:39
1475,7255,1277,848,Traffic Issue,16:23:26
1476,8203,788,485,Driver Late,13:55:41
1477,412,1725,189,Rider Late,13:32:02
1478,2002,744,912,Traffic Issue,13:53:27
1479,1058,260,60,Wrong Pickup,19:47:02
1480,833,1034,402,Traffic Issue,19:15:21
1481,1224,1584,440,Changed Plan,06:55:12
1482,2937,1059,438,Wrong Pickup,00:48:53
1483,5512,1772,158,Rider Late,21:32:55
1484,695,745,961,Driver Late,13:35:38
1485,7742,1353,364,Changed Plan,23:58:00
1486,4280,896,529,Wrong Pickup,23:06:15
1487,7557,1841,454,Driver Late,22:15:08
1488,6457,83,243,Rider Late,02:08:06
1489,9122,1397,505,Driver Late,19:39:44
1490,6170,787,695,Wrong Pickup,14:07:48
1491,1571,2000,354,Driver Late,05:06:29
1492,8456,1592,804,Traffic Issue,21:35:05
1493,3046,763,207,Traffic Issue,11:48:14
1494,8436,193,991,Wrong Pickup,08:38:59
1495,4329,933,634,Wrong Pickup,14:45:35
1496,5566,25,986,Driver Late,08:50:32
1497,8196,1905,98,Changed Plan,01:22:17
1498,8395,1451,748,Rider Late,22:33:16
1499,3178,585,940,Driver Late,06:01:46
1500,6797,503,52,Driver Late,05:09:50
1501,4695,35,823,Wrong Pickup,15:28:10
1502,2250,42,150,Rider Late,09:00:09
1503,1525,1008,694,Traffic Issue,13:58:28
1504,4120,1528,139,Changed Plan,12:04:54
1505,9380,9,915,Driver Late,19:11:09
1506,3045,1915,996,Traffic Issue,14:07:19
1507,8776,966,753,Traffic Issue,11:43:54
1508,963,1975,865,Rider Late,18:28:30
1509,1158,418,135,Rider Late,03:39:58
1510,4522,297,494,Changed Plan,06:41:47
1511,3582,901,474,Changed Plan,03:38:01
1512,804,519,55,Changed Plan,06:15:41
1513,5788,387,166,Changed Plan,07:59:06
1514,9118,1582,247,Traffic Issue,10:15:24
1515,753,305,676,Driver Late,07:18:27
1516,5661,227,497,Traffic Issue,15:52:51
1517,1634,1485,128,Driver Late,17:28:07
1518,6777,821,240,Changed Plan,07:23:35
1519,571,1020,689,Changed Plan,08:51:17
1520,4853,437,568,Wrong Pickup,21:32:33
1521,7021,725,360,Rider Late,21:44:30
1522,3658,1211,676,Rider Late,05:25:01
1523,9964,1605,685,Traffic Issue,12:11:13
1524,3588,161,421,Rider Late,11:27:25
1525,7176,1225,716,Wrong Pickup,14:59:20
1526,6733,1555,807,Driver Late,15:28:25
1527,7240,1867,674,Traffic Issue,06:13:23
1528,902,228,355,Wrong Pickup,07:54:14
1529,7120,823,173,Driver Late,18:38:16
1530,1889,1381,141,Wrong Pickup,09:30:58
1531,3504,198,183,Traffic Issue,12:38:05
1532,4501,323,579,Wrong Pickup,02:47:08
1533,903,1589,274,Rider Late,02:49:27
1534,620,145,451,Driver Late,13:36:03
1535,1738,389,444,Traffic Issue,23:22:51
1536,32,1,887,Changed Plan,19:42:09
1537,4569,105,71,Traffic Issue,21:15:08
1538,6664,25,687,Traffic Issue,15:01:57
1539,5235,1586,428,Rider Late,05:45:40
1540,9199,1585,641,Rider Late,10:53:45
1541,267,465,148,Traffic Issue,04:04:06
1542,3049,1832,124,Driver Late,11:53:52
1543,2374,1975,163,Rider Late,18:41:04
1544,9532,921,205,Traffic Issue,13:54:55
1545,8590,316,331,Traffic Issue,15:19:35
1546,3551,1258,445,Traffic Issue,20:09:12
1547,1365,1498,80,Changed Plan,22:07:17
1548,9511,625,767,Changed Plan,10:20:11
1549,7151,1124,454,Wrong Pickup,04:52:44
1550,9173,947,183,Driver Late,06:19:55
1551,8255,196,705,Wrong Pickup,06:48:49
1552,5080,413,658,Driver Late,12:37:30
1553,9944,1014,517,Driver Late,01:20:01
1554,7965,1202,139,Driver Late,05:20:21
1555,1245,1001,692,Traffic Issue,10:30:12
1556,6656,1794,668,Changed Plan,13:16:32
1557,646,886,991,Driver Late,16:14:31
1558,846,360,745,Wrong Pickup,00:59:33
1559,9936,60,456,Rider Late,11:35:24
1560,4237,200,589,Changed Plan,21:10:26
1561,890,192,115,Changed Plan,20:50:45
1562,6207,1339,619,Changed Plan,15:13:33
1563,1493,543,908,Changed Plan,13:37:44
1564,4154,789,716,Rider Late,18:30:51
1565,2341,1124,672,Wrong Pickup,00:37:45
1566,6386,1147,161,Driver Late,02:48:12
1567,6843,1748,834,Driver Late,19:12:46
1568,1816,50,374,Wrong Pickup,15:19:45
1569,9799,87,631,Wrong Pickup,11:07:43
1570,2106,643,631,Wrong Pickup,03:56:48
1571,9162,6,85,Driver Late,15:06:17
1572,2242,266,560,Rider Late,20:33:12
1573,7237,573,186,Traffic Issue,10:35:25
1574,7241,1112,964,Traffic Issue,14:58:44
1575,6697,824,945,Rider Late,09:15:22
1576,2663,703,633,Rider Late,04:43:15
1577,9241,1480,471,Wrong Pickup,10:06:14
1578,8643,758,174,Changed Plan,13:36:03
1579,353,682,835,Wrong Pickup,04:13:25
1580,2329,915,948,Changed Plan,15:23:51
1581,8360,322,515,Wrong Pickup,15:08:36
1582,3773,796,613,Changed Plan,17:00:42
1583,5986,500,368,Wrong Pickup,05:43:48
1584,9090,1306,55,Driver Late,09:23:41
1585,5493,1602,94,Driver Late,18:11:02
1586,1290,1587,845,Driver Late,13:04:20
1587,1474,578,986,Traffic Issue,16:48:05
1588,3235,1849,298,Wrong Pickup,06:10:58
1589,7782,1237,565,Rider Late,14:03:31
1590,9173,1701,788,Wrong Pickup,08:55:15
1591,9423,559,539,Rider Late,06:31:06
1592,5105,1061,581,Traffic Issue,15:00:55
1593,3040,204,630,Traffic Issue,06:10:06
1594,4467,1759,71,Wrong Pickup,22:55:28
1595,5522,1857,206,Rider Late,23:58:02
1596,6288,1762,668,Traffic Issue,16:29:52
1597,9525,1817,662,Changed Plan,03:37:51
1598,3569,748,319,Traffic Issue,05:07:16
1599,705,493,173,Traffic Issue,09:32:27
1600,9200,483,572,Wrong Pickup,14:35:11
1601,6473,1089,378,Traffic Issue,08:50:24
1602,1558,1310,554,Rider Late,18:51:32
1603,8731,732,5,Wrong Pickup,21:49:31
1604,9029,718,904,Rider Late,23:47:34
1605,9487,1532,314,Traffic Issue,16:48:20
1606,5907,468,140,Wrong Pickup,03:07:18
1607,3501,1499,82,Rider Late,08:47:10
1608,292,258,158,Driver Late,01:35:17
1609,9623,256,235,Rider Late,07:57:25
1610,6917,1750,384,Driver Late,18:43:27
1611,2878,167,891,Driver Late,04:00:40
1612,5623,499,299,Traffic Issue,12:41:39
1613,5637,905,298,Traffic Issue,12:19:42
1614,6063,147,721,Traffic Issue,20:54:07
1615,2965,1887,696,Driver Late,06:21:15
1616,8126,461,204,Changed Plan,17:19:39
1617,3627,692,233,Driver Late,03:24:29
1618,8346,77,891,Rider Late,16:42:39
1619,8300,1242,61,Rider Late,18:55:26
1620,8560,153,456,Wrong Pickup,03:55:45
1621,8084,1782,536,Traffic Issue,11:01:13
1622,5931,566,523,Wrong Pickup,14:34:57
1623,3960,584,61,Rider Late,02:51:37
1624,8632,954,585,Traffic Issue,14:40:02
1625,7952,888,176,Wrong Pickup,12:42:17
1626,9200,124,929,Driver Late,18:38:35
1627,627,1306,22,Changed Plan,19:17:57
1628,582,1,887,Wrong Pickup,02:38:53
1629,3394,1134,26,Driver Late,11:14:17
1630,4430,1435,128,Driver Late,04:20:02
1631,143,1533,159,Wrong Pickup,15:17:52
1632,9074,468,910,Rider Late,02:05:22
1633,1482,469,648,Rider Late,07:18:21
1634,5262,177,205,Changed Plan,21:03:27
1635,1722,774,217,Wrong Pickup,06:25:59
1636,9106,1274,685,Changed Plan,12:52:06
1637,8174,361,733,Traffic Issue,03:39:13
1638,613,625,771,Traffic Issue,11:31:48
1639,354,1845,700,Traffic Issue,22:42:06
1640,7664,1005,953,Rider Late,21:03:56
1641,8435,701,311,Rider Late,04:27:41
1642,5664,483,429,Changed Plan,12:53:41
1643,7801,1032,523,Traffic Issue,13:00:58
1644,6643,1451,884,Rider Late,23:27:57
1645,9898,1037,142,Rider Late,08:14:46
1646,4948,732,559,Changed Plan,21:52:33
1647,7250,1844,463,Rider Late,18:59:55
1648,3345,293,300,Wrong Pickup,08:55:28
1649,8749,849,854,Traffic Issue,10:48:56
1650,9614,402,605,Driver Late,17:48:34
1651,4275,970,813,Rider Late,12:54:28
1652,8027,1998,542,Wrong Pickup,03:04:26
1653,8265,1013,864,Wrong Pickup,08:38:43
1654,6745,784,205,Traffic Issue,03:32:32
1655,8674,934,49,Driver Late,22:35:28
1656,5841,146,489,Wrong Pickup,05:50:34
1657,4140,1810,558,Traffic Issue,13:34:35
1658,6159,665,210,Traffic Issue,18:18:26
1659,4424,932,392,Driver Late,23:00:01
1660,8656,1769,576,Wrong Pickup,16:16:51
1661,9380,1156,952,Changed Plan,13:02:45
1662,8537,266,119,Traffic Issue,07:02:49
1663,2254,98,859,Traffic Issue,23:41:45
1664,7072,1772,986,Driver Late,17:46:22
1665,5377,754,974,Driver Late,20:15:02
1666,3654,1467,410,Traffic Issue,13:51:26
1667,6947,1555,648,Changed Plan,22:11:35
1668,8030,1877,287,Driver Late,10:19:10
1669,8298,51,834,Rider Late,02:48:50
1670,959,663,524,Changed Plan,16:20:51
1671,7578,1044,262,Wrong Pickup,10:00:20
1672,7347,80,884,Driver Late,01:44:42
1673,588,365,282,Driver Late,21:43:58
1674,9964,446,285,Traffic Issue,05:51:43
1675,2297,1171,352,Rider Late,08:22:12
1676,2081,1615,309,Changed Plan,21:15:56
1677,7472,1346,130,Traffic Issue,10:45:38
1678,9312,1145,858,Wrong Pickup,07:50:46
1679,4608,451,661,Changed Plan,00:06:43
1680,1721,68,724,Driver Late,13:53:35
1681,8256,1788,580,Traffic Issue,19:02:56
1682,4047,1088,775,Driver Late,14:42:15
1683,6880,343,312,Traffic Issue,21:16:14
1684,5669,1296,625,Driver Late,07:31:16
1685,4530,1591,657,Traffic Issue,21:07:41
1686,6059,1454,331,Changed Plan,13:42:42
1687,9709,897,217,Changed Plan,14:00:26
1688,238,387,797,Driver Late,02:25:46
1689,6864,1338,518,Rider Late,15:37:30
1690,4425,775,429,Changed Plan,00:49:28
1691,5035,376,909,Rider Late,01:26:16
1692,6193,870,625,Traffic Issue,09:56:24
1693,2681,854,463,Rider Late,03:37:54
1694,1259,802,251,Wrong Pickup,15:55:04
1695,1902,749,276,Rider Late,22:46:06
1696,2540,385,155,Rider Late,06:24:05
1697,9560,1431,426,Driver Late,12:24:44
1698,5184,1459,584,Changed Plan,15:25:06
1699,3587,793,349,Wrong Pickup,01:55:05
1700,2645,648,586,Rider Late,16:22:01
1701,1957,640,140,Wrong Pickup,07:25:45
1702,1303,1254,869,Wrong Pickup,04:05:41
1703,4484,1982,16,Wrong Pickup,05:09:31
1704,6109,1152,82,Driver Late,22:58:09
1705,3347,1729,764,Changed Plan,07:30:12
1706,3245,277,835,Rider Late,10:02:48
1707,9257,964,336,Rider Late,06:22:10
1708,1660,881,459,Wrong Pickup,14:34:20
1709,4443,1136,419,Changed Plan,07:44:35
1710,3086,134,157,Wrong Pickup,12:59:15
1711,8389,1641,643,Rider Late,10:25:57
1712,7411,997,414,Traffic Issue,02:44:25
1713,498,1689,972,Traffic Issue,12:54:04
1714,3704,1656,24,Rider Late,15:13:00
1715,8986,972,643,Traffic Issue,22:15:11
1716,4414,934,969,Driver Late,21:30:28
1717,571,1131,637,Wrong Pickup,22:52:02
1718,4378,1676,327,Traffic Issue,05:27:05
1719,2619,1818,646,Traffic Issue,10:26:44
1720,98,1236,191,Rider Late,13:52:26
1721,5733,649,621,Driver Late,10:25:48
1722,8084,1596,924,Traffic Issue,19:09:07
1723,3082,1819,246,Rider Late,02:00:17
1724,1037,709,686,Driver Late,12:01:27
1725,5147,167,432,Rider Late,10:21:07
1726,3662,431,989,Wrong Pickup,23:54:20
1727,6588,1615,595,Wrong Pickup,09:18:37
1728,9623,1134,132,Traffic Issue,11:41:49
1729,1747,72,296,Driver Late,13:40:04
1730,7492,948,205,Driver Late,11:34:41
1731,4240,1744,902,Wrong Pickup,04:14:14
1732,9131,1528,356,Traffic Issue,10:48:20
1733,7582,212,385,Changed Plan,05:40:38
1734,3815,1820,155,Changed Plan,17:54:02
1735,7550,92,126,Driver Late,00:02:19
1736,3995,217,63,Traffic Issue,14:33:52
1737,6911,761,444,Wrong Pickup,07:08:29
1738,353,1040,680,Driver Late,12:56:57
1739,2394,1864,993,Wrong Pickup,14:01:57
1740,2720,618,952,Driver Late,12:44:18
1741,6300,1466,648,Wrong Pickup,07:27:00
1742,9908,1390,815,Wrong Pickup,00:53:33
1743,5728,1309,261,Wrong Pickup,12:12:52
1744,9468,460,203,Changed Plan,09:25:54
1745,3894,369,749,Driver Late,05:59:37
1746,6256,1678,263,Driver Late,03:10:16
1747,481,758,386,Driver Late,18:44:42
1748,4150,941,216,Traffic Issue,04:44:38
1749,9638,844,613,Traffic Issue,14:07:36
1750,7921,214,952,Traffic Issue,16:29:44
1751,2883,101,661,Wrong Pickup,21:53:29
1752,6071,942,314,Wrong Pickup,17:50:02
1753,312,864,642,Traffic Issue,21:50:57
1754,7960,467,634,Wrong Pickup,01:03:33
1755,4938,554,193,Driver Late,09:09:39
1756,5183,1698,277,Traffic Issue,22:42:35
1757,52,1189,649,Driver Late,02:00:04
1758,9388,1151,667,Rider Late,20:50:29
1759,2605,1800,419,Changed Plan,19:05:03
1760,5368,1978,970,Changed Plan,16:42:40
1761,53,577,23,Wrong Pickup,00:27:42
1762,5773,871,21,Changed Plan,07:00:03
1763,2188,382,161,Wrong Pickup,20:37:50
1764,9782,25,384,Driver Late,20:08:16
1765,9953,548,641,Wrong Pickup,21:15:04
1766,5789,1659,401,Traffic Issue,02:46:05
1767,3693,1707,213,Wrong Pickup,13:32:35
1768,1798,582,629,Traffic Issue,12:02:05
1769,7090,790,198,Changed Plan,12:54:00
1770,6408,1946,259,Changed Plan,23:32:00
1771,374,1613,2,Traffic Issue,00:12:52
1772,3446,1358,104,Traffic Issue,19:25:14
1773,4119,1938,129,Traffic Issue,08:26:40
1774,8154,591,474,Wrong Pickup,13:44:31
1775,8286,1201,364,Driver Late,16:06:53
1776,5946,969,673,Rider Late,05:41:44
1777,4071,1794,869,Changed Plan,09:55:16
1778,7996,555,947,Changed Plan,03:35:58
1779,3703,50,410,Traffic Issue,13:46:46
1780,5803,1641,100,Wrong Pickup,19:32:04
1781,5854,231,991,Wrong Pickup,06:42:06
1782,622,1169,638,Driver Late,00:53:18
1783,8169,1122,822,Driver Late,09:48:58
1784,8784,1880,767,Wrong Pickup,11:05:43
1785,9834,1766,118,Traffic Issue,03:33:46
1786,5149,768,364,Traffic Issue,17:55:17
1787,8028,943,327,Wrong Pickup,09:35:54
1788,154,1816,648,Traffic Issue,07:43:23
1789,8214,833,259,Wrong Pickup,22:59:11
1790,4847,131,917,Changed Plan,13:49:55
1791,8494,522,659,Wrong Pickup,10:25:01
1792,9652,1927,466,Changed Plan,07:55:02
1793,1737,1735,73,Traffic Issue,09:01:26
1794,9466,972,116,Wrong Pickup,07:49:41
1795,4582,1840,432,Wrong Pickup,17:26:57
1796,124,1144,205,Changed Plan,05:31:07
1797,4774,384,844,Wrong Pickup,05:33:36
1798,3811,535,412,Rider Late,01:01:52
1799,2290,552,487,Wrong Pickup,00:28:01
1800,8326,1489,305,Traffic Issue,09:21:16
1801,5472,1085,120,Rider Late,20:16:53
1802,5714,1557,582,Changed Plan,07:26:12
1803,9889,937,46,Driver Late,06:52:55
1804,6754,158,966,Changed Plan,16:25:02
1805,2707,812,531,Traffic Issue,14:48:08
1806,6650,1817,864,Driver Late,19:19:54
1807,1980,1288,292,Rider Late,12:32:19
1808,1438,1255,606,Wrong Pickup,13:49:45
1809,957,1775,163,Driver Late,13:06:24
1810,6557,1154,118,Traffic Issue,04:12:06
1811,1960,1877,646,Driver Late,04:17:19
1812,8518,612,981,Rider Late,03:18:44
1813,6279,805,775,Rider Late,12:13:33
1814,8405,522,828,Traffic Issue,03:59:01
1815,4593,378,107,Traffic Issue,16:41:36
1816,1124,450,58,Wrong Pickup,06:21:49
1817,880,1954,985,Driver Late,07:56:41
1818,1097,439,943,Wrong Pickup,19:48:48
1819,7401,774,56,Changed Plan,08:19:55
1820,1257,308,305,Rider Late,17:49:37
1821,8042,533,571,Wrong Pickup,06:02:37
1822,2693,1408,202,Driver Late,21:16:37
1823,6107,1954,618,Rider Late,10:07:07
1824,1191,1756,420,Rider Late,03:06:43
1825,2935,299,841,Traffic Issue,22:03:10
1826,7291,866,526,Wrong Pickup,14:53:04
1827,6158,999,532,Traffic Issue,22:35:47
1828,8152,1468,546,Changed Plan,02:18:40
1829,7921,1392,721,Wrong Pickup,17:28:47
1830,2913,1865,885,Wrong Pickup,16:42:16
1831,3933,758,401,Rider Late,20:38:42
1832,5276,358,903,Changed Plan,19:04:46
1833,9383,964,803,Rider Late,03:03:39
1834,5835,1705,434,Changed Plan,06:56:09
1835,5904,375,10,Rider Late,02:17:32
1836,1681,1881,318,Changed Plan,21:11:54
1837,4437,133,924,Driver Late,07:42:30
1838,1688,43,749,Driver Late,12:06:44
1839,7710,525,831,Driver Late,22:25:16
1840,6419,1113,70,Driver Late,04:28:53
1841,5402,1954,155,Traffic Issue,01:46:18
1842,4587,483,841,Driver Late,22:44:46
1843,5968,188,272,Wrong Pickup,22:50:58
1844,5836,1243,973,Rider Late,14:49:19
1845,3094,1196,945,Driver Late,07:03:18
1846,7780,27,855,Driver Late,18:34:14
1847,6370,495,260,Driver Late,04:12:01
1848,8787,1066,741,Wrong Pickup,20:53:19
1849,9356,1240,643,Wrong Pickup,14:39:57
1850,9920,1721,900,Rider Late,02:29:37
1851,9680,471,293,Rider Late,09:04:58
1852,525,311,454,Rider Late,09:31:29
1853,1666,273,951,Rider Late,11:41:38
1854,4147,549,212,Driver Late,18:47:26
1855,4206,601,310,Driver Late,11:48:42
1856,8838,1796,390,Rider Late,10:09:17
1857,5298,662,899,Rider Late,20:49:35
1858,6537,697,185,Changed Plan,00:58:14
1859,980,1558,746,Changed Plan,01:30:06
1860,1540,1449,360,Changed Plan,00:40:07
1861,7350,838,810,Changed Plan,09:52:46
1862,7229,1077,54,Rider Late,22:12:12
1863,5920,1948,661,Traffic Issue,20:17:57
1864,6204,1183,487,Traffic Issue,05:03:49
1865,221,1310,707,Wrong Pickup,05:57:46
1866,9125,700,474,Traffic Issue,01:10:19
1867,3168,1987,234,Changed Plan,14:07:27
1868,330,1918,62,Driver Late,10:40:30
1869,9055,1418,111,Changed Plan,06:41:21
1870,4111,226,401,Wrong Pickup,17:45:25
1871,9714,520,556,Driver Late,00:35:42
1872,2724,1905,790,Driver Late,06:28:00
1873,3114,765,758,Traffic Issue,14:45:44
1874,8825,515,109,Rider Late,04:45:52
1875,8734,519,508,Wrong Pickup,03:55:40
1876,9514,497,366,Rider Late,11:44:30
1877,6825,9,840,Wrong Pickup,16:14:01
1878,9151,1733,206,Wrong Pickup,22:14:20
1879,2629,12,80,Wrong Pickup,15:28:02
1880,5878,1183,649,Wrong Pickup,00:12:46
1881,1212,1215,615,Driver Late,23:24:34
1882,3155,1945,834,Wrong Pickup,04:55:26
1883,3544,1649,809,Traffic Issue,15:08:50
1884,6354,1233,437,Changed Plan,19:07:27
1885,101,1385,812,Changed Plan,23:59:15
1886,6843,260,475,Rider Late,21:52:09
1887,7155,940,163,Rider Late,08:41:23
1888,9313,1983,979,Wrong Pickup,00:32:25
1889,8136,575,818,Rider Late,15:24:12
1890,3741,413,750,Changed Plan,04:48:57
1891,8230,172,970,Traffic Issue,10:28:21
1892,115,1695,25,Rider Late,21:17:21
1893,7636,518,217,Wrong Pickup,00:46:18
1894,8737,345,366,Driver Late,13:18:05
1895,9005,966,719,Changed Plan,14:51:12
1896,3189,738,750,Changed Plan,12:58:08
1897,1075,1335,773,Driver Late,20:23:12
1898,7247,99,128,Driver Late,23:43:48
1899,2143,354,424,Changed Plan,18:54:23
1900,3000,1663,389,Changed Plan,20:47:06
1901,5163,1980,328,Changed Plan,19:50:43
1902,9085,1237,193,Driver Late,12:53:11
1903,9128,252,630,Driver Late,01:03:33
1904,2297,1979,246,Rider Late,09:02:27
1905,5387,136,581,Traffic Issue,05:04:16
1906,5661,1707,318,Wrong Pickup,01:37:05
1907,8835,1551,995,Driver Late,20:44:46
1908,63,1105,691,Rider Late,12:13:14
1909,9919,1116,649,Rider Late,05:36:16
1910,6546,1718,306,Driver Late,18:24:01
1911,7985,1018,815,Wrong Pickup,19:26:23
1912,3381,211,157,Changed Plan,02:47:42
1913,9552,158,366,Wrong Pickup,04:36:20
1914,7978,1989,199,Rider Late,07:58:07
1915,1132,113,256,Rider Late,07:27:00
1916,5284,791,576,Changed Plan,14:16:35
1917,5043,346,564,Rider Late,15:01:29
1918,9363,837,884,Traffic Issue,07:54:08
1919,9630,1565,952,Changed Plan,23:45:53
1920,7952,1150,557,Wrong Pickup,03:27:40
1921,2338,583,376,Wrong Pickup,23:24:20
1922,4892,1529,239,Changed Plan,10:33:05
1923,2079,670,891,Rider Late,21:03:36
1924,692,1544,8,Rider Late,05:59:23
1925,491,114,598,Traffic Issue,15:03:49
1926,94,3,525,Changed Plan,13:38:41
1927,8143,590,466,Driver Late,18:59:08
1928,7653,536,772,Traffic Issue,06:07:19
1929,5832,840,534,Traffic Issue,21:48:27
1930,8363,607,216,Rider Late,18:38:16
1931,8460,1391,250,Traffic Issue,20:06:59
1932,7076,1014,169,Changed Plan,05:08:39
1933,2593,1690,957,Rider Late,08:01:00
1934,2329,1104,772,Changed Plan,22:59:37
1935,9506,628,839,Traffic Issue,03:58:15
1936,5875,250,569,Rider Late,11:21:40
1937,6187,1801,209,Driver Late,20:43:55
1938,8139,320,354,Changed Plan,21:02:43
1939,35,1966,629,Rider Late,09:50:39
1940,9069,556,319,Changed Plan,20:57:56
1941,5881,1702,104,Traffic Issue,09:59:06
1942,9305,373,227,Rider Late,10:49:19
1943,2027,1328,659,Rider Late,21:32:33
1944,863,1157,413,Changed Plan,05:05:42
1945,697,284,907,Changed Plan,11:29:37
1946,9700,1816,35,Rider Late,20:39:11
1947,2776,1339,647,Changed Plan,16:38:28
1948,6935,822,160,Traffic Issue,03:53:44
1949,551,282,893,Driver Late,09:43:12
1950,4514,187,677,Driver Late,17:44:57
1951,5194,433,286,Wrong Pickup,08:31:19
1952,8633,217,32,Changed Plan,01:17:03
1953,6601,391,233,Rider Late,16:30:24
1954,2933,961,198,Driver Late,08:56:28
1955,8750,1859,349,Changed Plan,06:20:17
1956,2694,543,30,Traffic Issue,21:23:18
1957,5919,1637,13,Changed Plan,13:27:01
1958,3494,800,345,Driver Late,06:43:01
1959,1477,1260,465,Traffic Issue,02:59:47
1960,3683,172,382,Wrong Pickup,23:02:19
1961,8869,1429,41,Driver Late,12:02:04
1962,9685,1519,973,Driver Late,22:24:01
1963,1561,548,300,Driver Late,03:58:43
1964,9367,909,576,Changed Plan,04:36:14
1965,8658,788,798,Traffic Issue,15:18:43
1966,628,59,199,Driver Late,08:16:57
1967,5428,152,252,Traffic Issue,12:56:02
1968,7289,978,418,Changed Plan,08:36:58
1969,2754,1940,634,Traffic Issue,13:38:48
1970,8717,243,88,Traffic Issue,11:57:41
1971,6637,551,503,Driver Late,07:59:12
1972,7655,2000,12,Rider Late,21:17:05
1973,8463,1561,899,Wrong Pickup,16:57:51
1974,6679,859,363,Rider Late,13:12:41
1975,196,1422,528,Traffic Issue,01:51:28
1976,9994,547,543,Rider Late,08:04:20
1977,6209,1488,925,Changed Plan,21:51:43
1978,9312,591,152,Rider Late,15:59:48
1979,4134,533,250,Traffic Issue,09:13:12
1980,9197,1120,512,Rider Late,07:06:36
1981,9214,977,237,Traffic Issue,21:55:30
1982,387,319,950,Traffic Issue,21:44:55
1983,458,62,496,Changed Plan,10:04:35
1984,9994,117,414,Changed Plan,12:33:30
1985,6869,1762,835,Wrong Pickup,05:29:48
1986,281,649,450,Wrong Pickup,23:09:44
1987,8592,1726,511,Wrong Pickup,21:30:00
1988,4282,1103,439,Traffic Issue,20:03:59
1989,5606,474,16,Driver Late,17:15:05
1990,8058,120,970,Driver Late,03:25:12
1991,2532,1932,420,Rider Late,21:38:42
1992,9825,957,510,Driver Late,01:12:07
1993,4221,1137,649,Driver Late,05:45:01
1994,2413,1874,853,Rider Late,15:56:16
1995,7212,1217,736,Wrong Pickup,14:07:56
1996,4068,1040,542,Traffic Issue,16:25:41
1997,806,848,926,Rider Late,22:04:45
1998,3311,534,881,Traffic Issue,04:29:58
1999,9593,276,355,Traffic Issue,20:12:06
2000,607,28,587,Wrong Pickup,20:33:54
